ImageName,Latitude,Longitude,Height,angle0,angle1,angle2,angle3
2018.01.06_I0-0_DC_NUCF_0821.tiff,54.7825450000,11.8584433333,75.0000000000,0.12,-0.10,-0.11,-256.56
2018.01.06_I0-0_DC_NUCF_0922.tiff,54.7825283333,11.8583700000,98.1000000000,0.18,0.17,0.08,-267.96
2018.01.06_I0-0_DC_NUCF_0930.tiff,54.7825183333,11.8582933333,99.5000000000,-0.11,0.14,0.10,-260.05
2018.01.06_I0-0_DC_NUCF_0944.tiff,54.7825083333,11.8582083333,99.2000000000,0.20,-0.06,-0.10,-257.66
2018.01.06_I0-0_DC_NUCF_0951.tiff,54.7824916667,11.8581216667,98.7000000000,0.02,0.12,-0.20,-251.53
2018.01.06_I0-0_DC_NUCF_0963.tiff,54.7824716667,11.8580466667,99.2000000000,-0.04,0.13,0.10,-244.88
2018.01.06_I0-0_DC_NUCF_0974.tiff,54.7824483333,11.8579783333,99.4000000000,-0.06,0.15,-0.07,-239.93
2018.01.06_I0-0_DC_NUCF_0979.tiff,54.7824233333,11.8579100000,99.0000000000,-0.06,-0.15,0.08,-240.11
2018.01.06_I0-0_DC_NUCF_0990.tiff,54.7823983333,11.8578450000,98.8000000000,-0.03,0.04,0.09,-238.06
2018.01.06_I0-0_DC_NUCF_1000.tiff,54.7823716667,11.8577783333,98.7000000000,0.14,0.12,-0.04,-236.27
2018.01.06_I0-0_DC_NUCF_1004.tiff,54.7823450000,11.8577100000,98.7000000000,-0.12,-0.10,0.03,-235.88
2018.01.06_I0-0_DC_NUCF_1014.tiff,54.7823150000,11.8576433333,98.8000000000,-0.17,-0.02,-0.05,-236.07
2018.01.06_I0-0_DC_NUCF_1024.tiff,54.7822883333,11.8575766667,99.0000000000,0.03,-0.13,0.18,-235.72
2018.01.06_I0-0_DC_NUCF_1027.tiff,54.7822600000,11.8575100000,99.0000000000,0.02,-0.19,0.14,-236.72
2018.01.06_I0-0_DC_NUCF_1036.tiff,54.7822333333,11.8574450000,98.9000000000,0.04,0.01,0.06,-234.93
2018.01.06_I0-0_DC_NUCF_1045.tiff,54.7822050000,11.8573816667,98.9000000000,0.20,0.10,-0.19,-235.91
2018.01.06_I0-0_DC_NUCF_1051.tiff,54.7821633333,11.8572816667,99.0000000000,0.18,-0.03,0.05,-234.13
2018.01.06_I0-0_DC_NUCF_1060.tiff,54.7821350000,11.8572133333,99.1000000000,-0.20,0.14,-0.02,-234.99
2018.01.06_I0-0_DC_NUCF_1069.tiff,54.7821050000,11.8571433333,99.0000000000,0.02,-0.10,-0.01,-235.25
2018.01.06_I0-0_DC_NUCF_1076.tiff,54.7820633333,11.8570416667,99.0000000000,0.13,0.08,-0.18,-235.03
2018.01.06_I0-0_DC_NUCF_1084.tiff,54.7820350000,11.8569750000,99.1000000000,-0.10,-0.10,-0.07,-234.43
2018.01.06_I0-0_DC_NUCF_1093.tiff,54.7820033333,11.8569033333,99.1000000000,0.10,-0.15,-0.04,-235.62
2018.01.06_I0-0_DC_NUCF_1101.tiff,54.7819500000,11.8567783333,98.7000000000,0.09,-0.13,-0.06,-235.73
2018.01.06_I0-0_DC_NUCF_1109.tiff,54.7819216667,11.8567150000,98.5000000000,0.13,0.02,-0.12,-234.81
2018.01.06_I0-0_DC_NUCF_1116.tiff,54.7818950000,11.8566483333,98.2000000000,0.20,-0.06,-0.10,-235.56
2018.01.06_I0-0_DC_NUCF_1124.tiff,54.7818683333,11.8565816667,98.0000000000,0.04,0.14,-0.17,-235.01
2018.01.06_I0-0_DC_NUCF_1126.tiff,54.7818316667,11.8564950000,98.0000000000,0.11,0.01,0.02,-234.45
2018.01.06_I0-0_DC_NUCF_1134.tiff,54.7818033333,11.8564283333,97.9000000000,0.05,-0.13,-0.04,-234.87
2018.01.06_I0-0_DC_NUCF_1142.tiff,54.7817716667,11.8563533333,98.0000000000,-0.05,-0.04,0.02,-234.94
2018.01.06_I0-0_DC_NUCF_1150.tiff,54.7817400000,11.8562783333,97.9000000000,0.05,0.15,0.12,-235.28
2018.01.06_I0-0_DC_NUCF_1151.tiff,54.7817100000,11.8562066667,97.8000000000,-0.06,-0.15,0.08,-235.65
2018.01.06_I0-0_DC_NUCF_1158.tiff,54.7816816667,11.8561366667,97.7000000000,-0.12,-0.03,-0.06,-235.41
2018.01.06_I0-0_DC_NUCF_1165.tiff,54.7816533333,11.8560716667,97.6000000000,0.12,-0.10,-0.11,-234.92
2018.01.06_I0-0_DC_NUCF_1172.tiff,54.7816283333,11.8560050000,97.5000000000,0.14,0.12,-0.04,-235.45
2018.01.06_I0-0_DC_NUCF_1176.tiff,54.7815850000,11.8559033333,97.4000000000,-0.12,-0.10,0.03,-234.97
2018.01.06_I0-0_DC_NUCF_1183.tiff,54.7815583333,11.8558366667,97.4000000000,0.06,-0.05,-0.19,-235.71
2018.01.06_I0-0_DC_NUCF_1190.tiff,54.7815333333,11.8557716667,97.4000000000,0.02,-0.01,0.10,-234.46
2018.01.06_I0-0_DC_NUCF_1197.tiff,54.7815016667,11.8556966667,97.3000000000,-0.17,0.11,-0.13,-234.89
2018.01.06_I0-0_DC_NUCF_1201.tiff,54.7814583333,11.8555900000,97.1000000000,0.11,-0.09,-0.05,-234.59
2018.01.06_I0-0_DC_NUCF_1208.tiff,54.7814250000,11.8555150000,97.0000000000,0.04,0.01,0.06,-234.41
2018.01.06_I0-0_DC_NUCF_1215.tiff,54.7813966667,11.8554450000,96.9000000000,0.11,-0.03,-0.08,-235.34
2018.01.06_I0-0_DC_NUCF_1222.tiff,54.7813683333,11.8553766667,96.9000000000,0.10,-0.01,0.04,-234.38
2018.01.06_I0-0_DC_NUCF_1226.tiff,54.7813216667,11.8552600000,96.9000000000,-0.14,0.16,0.12,-234.54
2018.01.06_I0-0_DC_NUCF_1233.tiff,54.7812900000,11.8551833333,97.0000000000,0.18,-0.19,-0.13,-235.56
2018.01.06_I0-0_DC_NUCF_1240.tiff,54.7812616667,11.8551116667,96.9000000000,-0.04,-0.06,-0.13,-234.77
2018.01.06_I0-0_DC_NUCF_1247.tiff,54.7812333333,11.8550400000,96.8000000000,0.08,-0.13,0.12,-235.46
2018.01.06_I0-0_DC_NUCF_1251.tiff,54.7811850000,11.8549200000,95.9000000000,0.06,0.00,-0.14,-235.42
2018.01.06_I0-0_DC_NUCF_1257.tiff,54.7811583333,11.8548550000,95.8000000000,0.05,0.16,0.01,-235.04
2018.01.06_I0-0_DC_NUCF_1264.tiff,54.7811300000,11.8547850000,95.9000000000,-0.06,0.19,0.18,-234.74
2018.01.06_I0-0_DC_NUCF_1270.tiff,54.7811033333,11.8547216667,96.0000000000,-0.10,0.09,0.02,-235.58
2018.01.06_I0-0_DC_NUCF_1276.tiff,54.7810583333,11.8545900000,96.0000000000,-0.20,0.16,0.13,-244.72
2018.01.06_I0-0_DC_NUCF_1283.tiff,54.7810416667,11.8545133333,96.1000000000,0.12,0.03,0.17,-253.33
2018.01.06_I0-0_DC_NUCF_1290.tiff,54.7810400000,11.8544233333,96.3000000000,0.14,0.01,0.18,-273.09
2018.01.06_I0-0_DC_NUCF_1297.tiff,54.7810533333,11.8543450000,96.6000000000,0.06,0.04,-0.08,-285.54
2018.01.06_I0-0_DC_NUCF_1301.tiff,54.7810866667,11.8542200000,96.4000000000,-0.18,-0.04,-0.16,-298.78
2018.01.06_I0-0_DC_NUCF_1308.tiff,54.7811133333,11.8541483333,96.0000000000,0.05,-0.07,0.15,-303.29
2018.01.06_I0-0_DC_NUCF_1314.tiff,54.7811400000,11.8540850000,95.6000000000,-0.05,-0.04,0.02,-305.86
2018.01.06_I0-0_DC_NUCF_1321.tiff,54.7811716667,11.8540183333,95.0000000000,0.01,0.07,0.16,-308.51
2018.01.06_I0-0_DC_NUCF_1326.tiff,54.7812400000,11.8538950000,94.6000000000,-0.10,-0.05,0.11,-312.26
2018.01.06_I0-0_DC_NUCF_1332.tiff,54.7812750000,11.8538366667,94.7000000000,-0.02,-0.08,0.02,-313.51
2018.01.06_I0-0_DC_NUCF_1338.tiff,54.7813116667,11.8537800000,94.9000000000,0.11,-0.20,0.00,-315.07
2018.01.06_I0-0_DC_NUCF_1344.tiff,54.7813466667,11.8537250000,95.2000000000,0.14,0.12,-0.04,-316.7
2018.01.06_I0-0_DC_NUCF_1350.tiff,54.7813816667,11.8536716667,95.6000000000,-0.17,-0.04,0.01,-317.4
2018.01.06_I0-0_DC_NUCF_1351.tiff,54.7814266667,11.8536050000,95.9000000000,-0.08,0.05,-0.02,-317.12
2018.01.06_I0-0_DC_NUCF_1357.tiff,54.7814616667,11.8535483333,96.0000000000,-0.06,-0.14,0.01,-317.6
2018.01.06_I0-0_DC_NUCF_1363.tiff,54.7815000000,11.8534950000,96.3000000000,0.09,0.19,-0.13,-318.48
2018.01.06_I0-0_DC_NUCF_1369.tiff,54.7815366667,11.8534416667,96.6000000000,-0.17,0.11,-0.13,-318.97
2018.01.06_I0-0_DC_NUCF_1375.tiff,54.7815733333,11.8533883333,96.6000000000,0.14,0.09,-0.04,-318.77
2018.01.06_I0-0_DC_NUCF_1376.tiff,54.7816200000,11.8533233333,97.0000000000,-0.03,-0.04,-0.15,-319.11
2018.01.06_I0-0_DC_NUCF_1382.tiff,54.7816583333,11.8532700000,97.1000000000,0.15,0.18,-0.08,-318.92
2018.01.06_I0-0_DC_NUCF_1388.tiff,54.7816966667,11.8532166667,97.4000000000,0.02,-0.02,-0.10,-318.98
2018.01.06_I0-0_DC_NUCF_1394.tiff,54.7817350000,11.8531633333,97.6000000000,0.10,-0.01,0.04,-319.04
2018.01.06_I0-0_DC_NUCF_1400.tiff,54.7817716667,11.8531100000,97.7000000000,-0.01,-0.18,0.15,-320.04
2018.01.06_I0-0_DC_NUCF_1401.tiff,54.7818200000,11.8530450000,97.6000000000,-0.10,0.17,0.16,-320.2
2018.01.06_I0-0_DC_NUCF_1407.tiff,54.7818566667,11.8529933333,97.6000000000,-0.07,0.06,0.05,-318.78
2018.01.06_I0-0_DC_NUCF_1413.tiff,54.7818933333,11.8529400000,97.7000000000,0.02,-0.10,-0.01,-319.4
2018.01.06_I0-0_DC_NUCF_1419.tiff,54.7819316667,11.8528866667,97.9000000000,0.08,-0.13,0.12,-320.19
2018.01.06_I0-0_DC_NUCF_1425.tiff,54.7819700000,11.8528350000,98.0000000000,0.04,0.10,0.20,-320.25
2018.01.06_I0-0_DC_NUCF_1426.tiff,54.7820216667,11.8527616667,98.1000000000,-0.16,-0.20,0.16,-320.58
2018.01.06_I0-0_DC_NUCF_1432.tiff,54.7820583333,11.8527083333,98.0000000000,0.04,0.15,0.10,-319.87
2018.01.06_I0-0_DC_NUCF_1438.tiff,54.7820966667,11.8526533333,98.0000000000,0.18,0.17,0.08,-319.47
2018.01.06_I0-0_DC_NUCF_1444.tiff,54.7821350000,11.8526000000,98.0000000000,0.04,-0.16,0.14,-320.78
2018.01.06_I0-0_DC_NUCF_1450.tiff,54.7821733333,11.8525483333,98.0000000000,0.12,-0.10,-0.10,-320.78
2018.01.06_I0-0_DC_NUCF_1451.tiff,54.7822250000,11.8524733333,98.1000000000,-0.06,0.09,0.09,-319.86
2018.01.06_I0-0_DC_NUCF_1457.tiff,54.7822650000,11.8524183333,98.2000000000,-0.13,-0.18,0.20,-320.54
2018.01.06_I0-0_DC_NUCF_1463.tiff,54.7823033333,11.8523666667,98.3000000000,-0.05,0.19,-0.11,-320.77
2018.01.06_I0-0_DC_NUCF_1469.tiff,54.7823400000,11.8523116667,98.3000000000,0.06,0.04,-0.08,-319.14
2018.01.06_I0-0_DC_NUCF_1475.tiff,54.7823783333,11.8522566667,98.2000000000,0.09,0.06,-0.08,-320.37
2018.01.06_I0-0_DC_NUCF_1476.tiff,54.7824216667,11.8521966667,98.2000000000,0.11,-0.14,-0.05,-320.49
2018.01.06_I0-0_DC_NUCF_1482.tiff,54.7824600000,11.8521450000,98.3000000000,0.08,0.00,0.14,-320.21
2018.01.06_I0-0_DC_NUCF_1488.tiff,54.7824966667,11.8520916667,98.3000000000,0.17,-0.01,0.17,-319.82
2018.01.06_I0-0_DC_NUCF_1494.tiff,54.7825350000,11.8520366667,98.4000000000,0.05,0.15,0.12,-319.88
2018.01.06_I0-0_DC_NUCF_1500.tiff,54.7825733333,11.8519816667,98.5000000000,-0.16,-0.12,-0.12,-320.41
2018.01.06_I0-0_DC_NUCF_1501.tiff,54.7826250000,11.8519066667,98.6000000000,0.16,-0.05,0.01,-320.02
2018.01.06_I0-0_DC_NUCF_1507.tiff,54.7826650000,11.8518500000,98.6000000000,0.09,0.06,0.13,-320.55
2018.01.06_I0-0_DC_NUCF_1513.tiff,54.7827033333,11.8517933333,98.6000000000,0.14,-0.04,0.18,-319.62
2018.01.06_I0-0_DC_NUCF_1519.tiff,54.7827416667,11.8517350000,98.7000000000,-0.10,-0.20,0.03,-319.89
2018.01.06_I0-0_DC_NUCF_1525.tiff,54.7827816667,11.8516783333,98.9000000000,-0.04,0.00,-0.01,-319.6
2018.01.06_I0-0_DC_NUCF_1526.tiff,54.7828366667,11.8515983333,99.0000000000,-0.18,-0.15,-0.14,-320.06
2018.01.06_I0-0_DC_NUCF_1533.tiff,54.7828800000,11.8515350000,99.0000000000,-0.17,-0.03,-0.01,-319.2
2018.01.06_I0-0_DC_NUCF_1539.tiff,54.7829183333,11.8514783333,99.1000000000,-0.15,-0.02,0.16,-318.72
2018.01.06_I0-0_DC_NUCF_1545.tiff,54.7829566667,11.8514200000,99.2000000000,0.11,-0.09,-0.05,-319.73
2018.01.06_I0-0_DC_NUCF_1551.tiff,54.7830366667,11.8513050000,98.9000000000,0.05,-0.15,-0.17,-320.64
2018.01.06_I0-0_DC_NUCF_1557.tiff,54.7830750000,11.8512483333,98.7000000000,-0.08,-0.18,-0.02,-319.87
2018.01.06_I0-0_DC_NUCF_1563.tiff,54.7831133333,11.8511933333,98.4000000000,-0.11,-0.12,-0.01,-320.33
2018.01.06_I0-0_DC_NUCF_1569.tiff,54.7831516667,11.8511383333,98.4000000000,-0.14,0.02,-0.04,-319.62
2018.01.06_I0-0_DC_NUCF_1575.tiff,54.7831900000,11.8510816667,98.5000000000,-0.08,-0.19,-0.18,-320.67
2018.01.06_I0-0_DC_NUCF_1576.tiff,54.7832383333,11.8510116667,98.7000000000,-0.20,0.14,-0.02,-319.4
2018.01.06_I0-0_DC_NUCF_1582.tiff,54.7832783333,11.8509533333,99.1000000000,0.03,0.14,-0.15,-320.89
2018.01.06_I0-0_DC_NUCF_1588.tiff,54.7833183333,11.8508983333,99.3000000000,0.11,-0.12,-0.13,-320.51
2018.01.06_I0-0_DC_NUCF_1594.tiff,54.7833583333,11.8508400000,99.5000000000,0.14,-0.15,-0.17,-320.16
2018.01.06_I0-0_DC_NUCF_1600.tiff,54.7833966667,11.8507850000,99.5000000000,-0.10,-0.10,-0.07,-319.94
2018.01.06_I0-0_DC_NUCF_1601.tiff,54.7834466667,11.8507133333,99.7000000000,0.05,0.16,0.01,-320.05
2018.01.06_I0-0_DC_NUCF_1606.tiff,54.7834816667,11.8506616667,99.8000000000,0.10,0.11,0.16,-319.88
2018.01.06_I0-0_DC_NUCF_1611.tiff,54.7835166667,11.8506116667,100.0000000000,-0.15,0.07,0.12,-319.2
2018.01.06_I0-0_DC_NUCF_1617.tiff,54.7835550000,11.8505550000,100.0000000000,0.09,-0.13,-0.06,-320.66
2018.01.06_I0-0_DC_NUCF_1623.tiff,54.7835950000,11.8504983333,100.0000000000,-0.06,0.09,0.09,-320.58
2018.01.06_I0-0_DC_NUCF_1626.tiff,54.7836583333,11.8504066667,100.2000000000,-0.18,-0.15,0.11,-319.69
2018.01.06_I0-0_DC_NUCF_1631.tiff,54.7836933333,11.8503583333,100.3000000000,-0.01,0.20,-0.05,-320.41
2018.01.06_I0-0_DC_NUCF_1637.tiff,54.7837333333,11.8503016667,100.3000000000,0.17,-0.12,0.09,-320.96
2018.01.06_I0-0_DC_NUCF_1643.tiff,54.7837716667,11.8502466667,100.1000000000,0.07,-0.12,-0.06,-320.37
2018.01.06_I0-0_DC_NUCF_1649.tiff,54.7838116667,11.8501916667,100.1000000000,-0.20,0.14,0.20,-320.45
2018.01.06_I0-0_DC_NUCF_1651.tiff,54.7838700000,11.8501083333,100.0000000000,-0.04,0.13,0.10,-320.83
2018.01.06_I0-0_DC_NUCF_1657.tiff,54.7839100000,11.8500516667,99.9000000000,0.01,0.00,0.05,-319.84
2018.01.06_I0-0_DC_NUCF_1663.tiff,54.7839483333,11.8499966667,99.8000000000,-0.09,-0.04,0.07,-320.1
2018.01.06_I0-0_DC_NUCF_1669.tiff,54.7839866667,11.8499400000,99.7000000000,-0.03,0.00,0.10,-320.37
2018.01.06_I0-0_DC_NUCF_1675.tiff,54.7840266667,11.8498833333,99.7000000000,0.17,0.19,-0.01,-319.94
2018.01.06_I0-0_DC_NUCF_1676.tiff,54.7840716667,11.8498183333,99.5000000000,-0.02,-0.08,0.02,-320.93
2018.01.06_I0-0_DC_NUCF_1681.tiff,54.7841083333,11.8497683333,99.4000000000,0.12,-0.10,-0.11,-320.28
2018.01.06_I0-0_DC_NUCF_1687.tiff,54.7841483333,11.8497100000,99.3000000000,0.20,-0.16,-0.06,-319.28
2018.01.06_I0-0_DC_NUCF_1693.tiff,54.7841866667,11.8496516667,99.2000000000,-0.17,0.08,-0.16,-319.66
2018.01.06_I0-0_DC_NUCF_1699.tiff,54.7842250000,11.8495950000,99.0000000000,0.06,-0.05,-0.19,-319.7
2018.01.06_I0-0_DC_NUCF_1701.tiff,54.7842833333,11.8495083333,98.9000000000,-0.06,-0.14,0.01,-320.34
2018.01.06_I0-0_DC_NUCF_1707.tiff,54.7843233333,11.8494516667,98.8000000000,0.09,0.19,-0.13,-320.21
2018.01.06_I0-0_DC_NUCF_1713.tiff,54.7843600000,11.8493966667,99.0000000000,-0.17,0.11,-0.13,-317.71
2018.01.06_I0-0_DC_NUCF_1720.tiff,54.7843966667,11.8493400000,99.1000000000,-0.03,-0.04,-0.15,-318.82
2018.01.06_I0-0_DC_NUCF_1726.tiff,54.7844633333,11.8492433333,99.4000000000,0.15,0.18,-0.08,-320.46
2018.01.06_I0-0_DC_NUCF_1732.tiff,54.7844983333,11.8491933333,99.5000000000,0.02,-0.02,-0.10,-321.29
2018.01.06_I0-0_DC_NUCF_1739.tiff,54.7845350000,11.8491433333,99.8000000000,0.18,-0.03,0.05,-321.92
2018.01.06_I0-0_DC_NUCF_1746.tiff,54.7845750000,11.8491016667,100.0000000000,0.00,0.01,-0.15,-339.53
2018.01.06_I0-0_DC_NUCF_1751.tiff,54.7846466667,11.8490983333,100.6000000000,-0.07,0.06,0.05,-11.39
2018.01.06_I0-0_DC_NUCF_1758.tiff,54.7846916667,11.8491216667,100.4000000000,0.15,0.07,-0.05,-22.32
2018.01.06_I0-0_DC_NUCF_1766.tiff,54.7847350000,11.8491583333,100.0000000000,0.14,-0.15,-0.17,-30.2
2018.01.06_I0-0_DC_NUCF_1773.tiff,54.7847750000,11.8492033333,99.7000000000,0.05,0.16,0.01,-35.62
2018.01.06_I0-0_DC_NUCF_1776.tiff,54.7848183333,11.8492683333,99.5000000000,0.04,0.15,0.10,-54.14
2018.01.06_I0-0_DC_NUCF_1785.tiff,54.7848250000,11.8493566667,100.2000000000,0.20,-0.15,0.00,-95.1
2018.01.06_I0-0_DC_NUCF_1794.tiff,54.7848133333,11.8494466667,101.1000000000,0.12,-0.10,-0.10,-107.98
2018.01.06_I0-0_DC_NUCF_1801.tiff,54.7847733333,11.8495783333,101.6000000000,-0.13,-0.18,0.20,-121.52
2018.01.06_I0-0_DC_NUCF_1808.tiff,54.7847450000,11.8496500000,101.8000000000,0.10,-0.15,-0.14,-123.77
2018.01.06_I0-0_DC_NUCF_1815.tiff,54.7847166667,11.8497133333,101.6000000000,0.07,-0.12,-0.06,-127.86
2018.01.06_I0-0_DC_NUCF_1822.tiff,54.7846866667,11.8497733333,101.4000000000,0.05,-0.13,-0.04,-130.79
2018.01.06_I0-0_DC_NUCF_1826.tiff,54.7846316667,11.8498733333,101.2000000000,0.08,0.00,0.14,-134.12
2018.01.06_I0-0_DC_NUCF_1833.tiff,54.7845983333,11.8499333333,101.2000000000,-0.18,-0.07,0.03,-135.67
2018.01.06_I0-0_DC_NUCF_1840.tiff,54.7845583333,11.8499983333,100.8000000000,-0.06,0.08,0.03,-136.61
2018.01.06_I0-0_DC_NUCF_1847.tiff,54.7845216667,11.8500550000,100.5000000000,0.17,0.19,-0.01,-137.28
2018.01.06_I0-0_DC_NUCF_1851.tiff,54.7844583333,11.8501516667,100.3000000000,0.09,0.06,0.13,-138.27
2018.01.06_I0-0_DC_NUCF_1858.tiff,54.7844216667,11.8502083333,100.3000000000,-0.17,0.09,-0.02,-139.2
2018.01.06_I0-0_DC_NUCF_1865.tiff,54.7843833333,11.8502650000,100.5000000000,-0.17,0.08,-0.16,-139.99
2018.01.06_I0-0_DC_NUCF_1872.tiff,54.7843416667,11.8503266667,100.5000000000,-0.14,0.14,-0.18,-139.96
2018.01.06_I0-0_DC_NUCF_1876.tiff,54.7842850000,11.8504083333,100.6000000000,0.01,-0.17,-0.20,-140.4
2018.01.06_I0-0_DC_NUCF_1882.tiff,54.7842500000,11.8504583333,100.6000000000,-0.15,0.19,0.12,-139.93
2018.01.06_I0-0_DC_NUCF_1888.tiff,54.7842150000,11.8505083333,100.5000000000,0.15,-0.10,0.15,-140.26
2018.01.06_I0-0_DC_NUCF_1894.tiff,54.7841800000,11.8505583333,100.5000000000,0.02,-0.18,-0.03,-140.72
2018.01.06_I0-0_DC_NUCF_1900.tiff,54.7841450000,11.8506083333,100.5000000000,0.05,-0.20,-0.01,-140.98
2018.01.06_I0-0_DC_NUCF_1901.tiff,54.7840966667,11.8506766667,100.6000000000,-0.08,-0.18,-0.02,-139.74
2018.01.06_I0-0_DC_NUCF_1907.tiff,54.7840616667,11.8507283333,100.6000000000,-0.11,-0.12,-0.01,-139.43
2018.01.06_I0-0_DC_NUCF_1913.tiff,54.7840250000,11.8507816667,100.6000000000,-0.14,0.02,-0.04,-140.28
2018.01.06_I0-0_DC_NUCF_1919.tiff,54.7839900000,11.8508350000,100.6000000000,-0.08,-0.19,-0.18,-140.65
2018.01.06_I0-0_DC_NUCF_1925.tiff,54.7839533333,11.8508866667,100.6000000000,-0.02,-0.20,0.19,-140.72
2018.01.06_I0-0_DC_NUCF_1926.tiff,54.7839033333,11.8509600000,100.8000000000,0.03,0.14,-0.15,-140.72
2018.01.06_I0-0_DC_NUCF_1932.tiff,54.7838666667,11.8510116667,100.8000000000,0.11,-0.12,-0.13,-139.46
2018.01.06_I0-0_DC_NUCF_1938.tiff,54.7838300000,11.8510650000,100.9000000000,0.14,-0.15,-0.17,-139.3
2018.01.06_I0-0_DC_NUCF_1945.tiff,54.7837900000,11.8511250000,101.0000000000,0.05,0.16,0.01,-139.82
2018.01.06_I0-0_DC_NUCF_1951.tiff,54.7837116667,11.8512416667,101.5000000000,0.06,-0.18,-0.19,-140
2018.01.06_I0-0_DC_NUCF_1957.tiff,54.7836750000,11.8512966667,101.5000000000,0.20,-0.15,0.00,-140.15
2018.01.06_I0-0_DC_NUCF_1963.tiff,54.7836366667,11.8513500000,101.5000000000,-0.15,0.02,0.05,-140.07
2018.01.06_I0-0_DC_NUCF_1969.tiff,54.7836000000,11.8514033333,101.5000000000,0.13,0.02,-0.12,-139.93
2018.01.06_I0-0_DC_NUCF_1975.tiff,54.7835633333,11.8514583333,101.5000000000,-0.01,0.20,-0.05,-140.2
2018.01.06_I0-0_DC_NUCF_1976.tiff,54.7835183333,11.8515233333,101.5000000000,0.20,-0.06,-0.10,-140.27
2018.01.06_I0-0_DC_NUCF_1982.tiff,54.7834816667,11.8515766667,101.6000000000,-0.03,0.14,0.04,-139.62
2018.01.06_I0-0_DC_NUCF_1988.tiff,54.7834450000,11.8516316667,101.5000000000,0.13,0.14,0.13,-139.02
2018.01.06_I0-0_DC_NUCF_1994.tiff,54.7834066667,11.8516850000,101.4000000000,0.05,-0.13,-0.04,-139.92
2018.01.06_I0-0_DC_NUCF_2000.tiff,54.7833700000,11.8517400000,101.2000000000,-0.02,-0.12,0.04,-139.48
2018.01.06_I0-0_DC_NUCF_2001.tiff,54.7833216667,11.8518083333,101.0000000000,0.01,0.00,0.05,-140.32
2018.01.06_I0-0_DC_NUCF_2007.tiff,54.7832850000,11.8518633333,100.9000000000,-0.09,-0.04,0.07,-139.49
2018.01.06_I0-0_DC_NUCF_2013.tiff,54.7832466667,11.8519183333,100.8000000000,-0.03,0.00,0.10,-139.58
2018.01.06_I0-0_DC_NUCF_2019.tiff,54.7832100000,11.8519733333,100.8000000000,0.17,0.19,-0.01,-139.46
2018.01.06_I0-0_DC_NUCF_2025.tiff,54.7831716667,11.8520300000,100.9000000000,0.12,-0.10,-0.11,-139.21
2018.01.06_I0-0_DC_NUCF_2026.tiff,54.7831200000,11.8521083333,100.8000000000,0.11,-0.20,0.00,-139.01
2018.01.06_I0-0_DC_NUCF_2032.tiff,54.7830833333,11.8521633333,100.7000000000,0.14,0.12,-0.04,-139.57
2018.01.06_I0-0_DC_NUCF_2037.tiff,54.7830483333,11.8522133333,100.7000000000,-0.17,0.08,-0.16,-140.79
2018.01.06_I0-0_DC_NUCF_2043.tiff,54.7830100000,11.8522683333,100.7000000000,0.06,-0.05,-0.19,-139.95
2018.01.06_I0-0_DC_NUCF_2049.tiff,54.7829700000,11.8523250000,100.7000000000,-0.17,-0.03,-0.01,-140.49
2018.01.06_I0-0_DC_NUCF_2051.tiff,54.7829100000,11.8524116667,100.8000000000,0.09,0.19,-0.13,-140.92
2018.01.06_I0-0_DC_NUCF_2057.tiff,54.7828716667,11.8524683333,100.9000000000,-0.17,0.11,-0.13,-139.54
2018.01.06_I0-0_DC_NUCF_2063.tiff,54.7828316667,11.8525266667,100.8000000000,0.14,0.09,-0.04,-140.19
2018.01.06_I0-0_DC_NUCF_2069.tiff,54.7827916667,11.8525816667,100.6000000000,0.01,0.14,0.15,-140.39
2018.01.06_I0-0_DC_NUCF_2075.tiff,54.7827533333,11.8526383333,100.5000000000,0.11,-0.03,-0.08,-139.92
2018.01.06_I0-0_DC_NUCF_2076.tiff,54.7827083333,11.8527000000,100.4000000000,0.02,-0.02,-0.10,-140.28
2018.01.06_I0-0_DC_NUCF_2082.tiff,54.7826700000,11.8527566667,100.3000000000,0.10,-0.01,0.04,-139.88
2018.01.06_I0-0_DC_NUCF_2087.tiff,54.7826350000,11.8528066667,100.1000000000,0.11,0.16,-0.10,-139.58
2018.01.06_I0-0_DC_NUCF_2093.tiff,54.7825950000,11.8528633333,100.0000000000,0.18,-0.19,-0.13,-140.47
2018.01.06_I0-0_DC_NUCF_2099.tiff,54.7825550000,11.8529200000,99.9000000000,0.03,-0.18,-0.14,-139.88
2018.01.06_I0-0_DC_NUCF_2101.tiff,54.7824966667,11.8530050000,99.7000000000,0.02,-0.10,-0.01,-139.7
2018.01.06_I0-0_DC_NUCF_2107.tiff,54.7824566667,11.8530616667,99.5000000000,0.08,-0.13,0.12,-139.11
2018.01.06_I0-0_DC_NUCF_2113.tiff,54.7824166667,11.8531183333,99.3000000000,0.04,0.10,0.20,-139.69
2018.01.06_I0-0_DC_NUCF_2119.tiff,54.7823783333,11.8531766667,99.2000000000,-0.08,0.00,-0.06,-139.28
2018.01.06_I0-0_DC_NUCF_2125.tiff,54.7823383333,11.8532350000,99.0000000000,0.10,-0.15,-0.04,-140.66
2018.01.06_I0-0_DC_NUCF_2126.tiff,54.7822833333,11.8533133333,98.8000000000,0.18,0.17,0.08,-140.77
2018.01.06_I0-0_DC_NUCF_2132.tiff,54.7822483333,11.8533633333,98.7000000000,0.04,-0.16,0.14,-140.52
2018.01.06_I0-0_DC_NUCF_2137.tiff,54.7822133333,11.8534150000,98.7000000000,-0.08,-0.04,0.20,-140.14
2018.01.06_I0-0_DC_NUCF_2142.tiff,54.7821766667,11.8534650000,98.6000000000,-0.18,-0.15,0.11,-139.95
2018.01.06_I0-0_DC_NUCF_2147.tiff,54.7821433333,11.8535166667,98.5000000000,-0.01,0.20,-0.05,-139.57
2018.01.06_I0-0_DC_NUCF_2151.tiff,54.7820716667,11.8536183333,98.4000000000,-0.05,0.19,-0.11,-140.4
2018.01.06_I0-0_DC_NUCF_2156.tiff,54.7820366667,11.8536700000,98.5000000000,0.04,0.14,-0.17,-140.05
2018.01.06_I0-0_DC_NUCF_2161.tiff,54.7820000000,11.8537233333,98.5000000000,-0.18,-0.04,-0.16,-139.11
2018.01.06_I0-0_DC_NUCF_2167.tiff,54.7819600000,11.8537833333,98.4000000000,-0.04,0.13,0.10,-140.08
2018.01.06_I0-0_DC_NUCF_2173.tiff,54.7819200000,11.8538433333,98.4000000000,0.01,0.00,0.05,-139.92
2018.01.06_I0-0_DC_NUCF_2176.tiff,54.7818583333,11.8539316667,98.4000000000,0.17,-0.01,0.17,-140.13
2018.01.06_I0-0_DC_NUCF_2182.tiff,54.7818183333,11.8539916667,98.4000000000,0.05,0.15,0.12,-140.44
2018.01.06_I0-0_DC_NUCF_2188.tiff,54.7817783333,11.8540500000,98.0000000000,-0.16,-0.12,-0.12,-140.34
2018.01.06_I0-0_DC_NUCF_2194.tiff,54.7817383333,11.8541083333,98.2000000000,-0.03,0.04,0.09,-139.62
2018.01.06_I0-0_DC_NUCF_2200.tiff,54.7816966667,11.8541666667,98.0000000000,0.00,0.18,0.08,-140.41
2018.01.06_I0-0_DC_NUCF_2201.tiff,54.7816466667,11.8542400000,97.8000000000,0.14,-0.04,0.18,-140.7
2018.01.06_I0-0_DC_NUCF_2206.tiff,54.7816116667,11.8542900000,97.9000000000,0.10,0.08,-0.03,-140.37
2018.01.06_I0-0_DC_NUCF_2212.tiff,54.7815750000,11.8543416667,97.8000000000,0.05,-0.15,0.08,-139.89
2018.01.06_I0-0_DC_NUCF_2219.tiff,54.7815383333,11.8543966667,97.7000000000,-0.16,0.07,0.01,-138.9
2018.01.06_I0-0_DC_NUCF_2226.tiff,54.7814600000,11.8545100000,97.6000000000,-0.15,0.19,0.12,-139.97
2018.01.06_I0-0_DC_NUCF_2233.tiff,54.7814233333,11.8545666667,97.6000000000,0.11,-0.09,-0.05,-132.3
2018.01.06_I0-0_DC_NUCF_2240.tiff,54.7814016667,11.8546533333,97.8000000000,0.04,0.01,0.06,-105.94
2018.01.06_I0-0_DC_NUCF_2247.tiff,54.7813966667,11.8547366667,98.1000000000,0.11,-0.03,-0.08,-92.83
2018.01.06_I0-0_DC_NUCF_2251.tiff,54.7814033333,11.8548750000,98.3000000000,-0.11,-0.12,-0.01,-80.43
2018.01.06_I0-0_DC_NUCF_2259.tiff,54.7814133333,11.8549583333,98.1000000000,0.11,0.16,-0.10,-75.77
2018.01.06_I0-0_DC_NUCF_2266.tiff,54.7814300000,11.8550400000,97.8000000000,0.04,0.05,0.12,-66.46
2018.01.06_I0-0_DC_NUCF_2274.tiff,54.7814633333,11.8551000000,97.5000000000,0.15,0.07,-0.05,-33.75
2018.01.06_I0-0_DC_NUCF_2276.tiff,54.7815166667,11.8551266667,97.5000000000,0.11,-0.12,-0.13,-5.78
2018.01.06_I0-0_DC_NUCF_2283.tiff,54.7815616667,11.8551233333,97.3000000000,0.06,0.00,-0.14,-353.26
2018.01.06_I0-0_DC_NUCF_2290.tiff,54.7816100000,11.8551000000,96.9000000000,0.08,0.00,0.02,-341.03
2018.01.06_I0-0_DC_NUCF_2297.tiff,54.7816516667,11.8550700000,96.6000000000,0.10,-0.15,-0.04,-335.29
2018.01.06_I0-0_DC_NUCF_2301.tiff,54.7817200000,11.8550050000,96.2000000000,0.20,-0.15,0.00,-327.97
2018.01.06_I0-0_DC_NUCF_2308.tiff,54.7817600000,11.8549600000,96.2000000000,-0.20,0.16,0.13,-326.2
2018.01.06_I0-0_DC_NUCF_2315.tiff,54.7817983333,11.8549133333,96.2000000000,0.12,0.03,0.17,-323.34
2018.01.06_I0-0_DC_NUCF_2322.tiff,54.7818383333,11.8548600000,96.4000000000,0.14,0.01,0.18,-322.54
2018.01.06_I0-0_DC_NUCF_2326.tiff,54.7819000000,11.8547766667,96.7000000000,-0.03,0.14,0.04,-320.08
2018.01.06_I0-0_DC_NUCF_2333.tiff,54.7819366667,11.8547250000,96.9000000000,-0.18,-0.04,-0.16,-319.88
2018.01.06_I0-0_DC_NUCF_2340.tiff,54.7819733333,11.8546733333,97.2000000000,0.05,-0.07,0.15,-320.1
2018.01.06_I0-0_DC_NUCF_2347.tiff,54.7820150000,11.8546150000,97.2000000000,-0.03,-0.04,-0.09,-320.94
2018.01.06_I0-0_DC_NUCF_2351.tiff,54.7820700000,11.8545333333,97.3000000000,-0.09,-0.04,0.07,-320.18
2018.01.06_I0-0_DC_NUCF_2358.tiff,54.7821116667,11.8544733333,97.5000000000,-0.10,-0.05,0.11,-319.12
2018.01.06_I0-0_DC_NUCF_2365.tiff,54.7821483333,11.8544200000,97.6000000000,0.15,0.08,-0.04,-320.17
2018.01.06_I0-0_DC_NUCF_2372.tiff,54.7821850000,11.8543666667,97.4000000000,0.00,0.18,0.08,-319.83
2018.01.06_I0-0_DC_NUCF_2376.tiff,54.7822416667,11.8542816667,97.3000000000,0.14,0.12,-0.04,-319.23
2018.01.06_I0-0_DC_NUCF_2383.tiff,54.7822800000,11.8542250000,97.4000000000,-0.08,0.05,-0.02,-319.8
2018.01.06_I0-0_DC_NUCF_2390.tiff,54.7823166667,11.8541700000,97.3000000000,-0.17,-0.02,-0.05,-319.56
2018.01.06_I0-0_DC_NUCF_2397.tiff,54.7823583333,11.8541083333,97.4000000000,-0.14,0.11,0.03,-319.72
2018.01.06_I0-0_DC_NUCF_2401.tiff,54.7824150000,11.8540216667,97.4000000000,-0.17,0.11,-0.13,-320.89
2018.01.06_I0-0_DC_NUCF_2408.tiff,54.7824583333,11.8539616667,97.6000000000,-0.03,-0.04,-0.15,-320.32
2018.01.06_I0-0_DC_NUCF_2414.tiff,54.7824933333,11.8539133333,97.6000000000,0.15,0.18,-0.08,-321.33
2018.01.06_I0-0_DC_NUCF_2421.tiff,54.7825333333,11.8538583333,97.4000000000,0.20,0.10,-0.19,-321.19
2018.01.06_I0-0_DC_NUCF_2426.tiff,54.7826016667,11.8537600000,97.0000000000,0.10,-0.01,0.04,-320.49
2018.01.06_I0-0_DC_NUCF_2432.tiff,54.7826366667,11.8537083333,96.8000000000,-0.01,-0.18,0.15,-319.32
2018.01.06_I0-0_DC_NUCF_2438.tiff,54.7826716667,11.8536566667,96.8000000000,0.04,0.05,0.12,-319.88
2018.01.06_I0-0_DC_NUCF_2444.tiff,54.7827083333,11.8536066667,96.7000000000,-0.04,-0.06,-0.13,-319.89
2018.01.06_I0-0_DC_NUCF_2450.tiff,54.7827433333,11.8535533333,96.6000000000,-0.12,0.04,0.02,-319.78
2018.01.06_I0-0_DC_NUCF_2451.tiff,54.7827916667,11.8534833333,96.7000000000,0.08,-0.13,0.12,-320.16
2018.01.06_I0-0_DC_NUCF_2457.tiff,54.7828283333,11.8534316667,96.8000000000,0.04,0.10,0.20,-320.25
2018.01.06_I0-0_DC_NUCF_2463.tiff,54.7828633333,11.8533783333,96.9000000000,-0.08,0.00,-0.06,-319.67
2018.01.06_I0-0_DC_NUCF_2469.tiff,54.7829000000,11.8533266667,97.3000000000,0.10,-0.15,-0.04,-320.48
2018.01.06_I0-0_DC_NUCF_2475.tiff,54.7829383333,11.8532733333,97.5000000000,0.01,-0.06,-0.15,-320.09
2018.01.06_I0-0_DC_NUCF_2476.tiff,54.7829783333,11.8532133333,97.8000000000,0.04,-0.16,0.14,-320.29
2018.01.06_I0-0_DC_NUCF_2482.tiff,54.7830150000,11.8531616667,97.9000000000,0.12,-0.10,-0.10,-319.79
2018.01.06_I0-0_DC_NUCF_2488.tiff,54.7830516667,11.8531100000,97.8000000000,0.09,-0.18,0.10,-320.9
2018.01.06_I0-0_DC_NUCF_2494.tiff,54.7830883333,11.8530566667,97.8000000000,0.14,0.01,0.18,-320.03
2018.01.06_I0-0_DC_NUCF_2500.tiff,54.7831250000,11.8530050000,97.8000000000,0.04,0.14,-0.17,-320.48
2018.01.06_I0-0_DC_NUCF_2501.tiff,54.7831750000,11.8529300000,97.8000000000,0.06,0.04,-0.08,-318.61
2018.01.06_I0-0_DC_NUCF_2507.tiff,54.7832116667,11.8528766667,97.8000000000,0.09,0.06,-0.08,-320.07
2018.01.06_I0-0_DC_NUCF_2513.tiff,54.7832483333,11.8528233333,97.8000000000,-0.05,-0.05,-0.10,-318.88
2018.01.06_I0-0_DC_NUCF_2519.tiff,54.7832850000,11.8527683333,97.8000000000,-0.03,-0.04,-0.09,-319.98
2018.01.06_I0-0_DC_NUCF_2525.tiff,54.7833233333,11.8527150000,97.8000000000,0.01,0.07,0.16,-319.27
2018.01.06_I0-0_DC_NUCF_2526.tiff,54.7833750000,11.8526400000,97.9000000000,0.05,0.15,0.12,-320.99
2018.01.06_I0-0_DC_NUCF_2532.tiff,54.7834133333,11.8525850000,98.1000000000,-0.16,-0.12,-0.12,-319.61
2018.01.06_I0-0_DC_NUCF_2539.tiff,54.7834566667,11.8525233333,98.2000000000,0.09,0.06,0.13,-321.08
2018.01.06_I0-0_DC_NUCF_2545.tiff,54.7834950000,11.8524683333,98.2000000000,0.14,-0.04,0.18,-319.98
2018.01.06_I0-0_DC_NUCF_2550.tiff,54.7835300000,11.8524183333,98.3000000000,0.10,0.08,-0.03,-320.07
2018.01.06_I0-0_DC_NUCF_2551.tiff,54.7835783333,11.8523500000,98.4000000000,-0.10,-0.20,0.03,-320.45
2018.01.06_I0-0_DC_NUCF_2557.tiff,54.7836183333,11.8522950000,98.7000000000,-0.04,0.00,-0.01,-320.49
2018.01.06_I0-0_DC_NUCF_2563.tiff,54.7836566667,11.8522383333,98.7000000000,-0.16,0.07,0.01,-320.12
2018.01.06_I0-0_DC_NUCF_2569.tiff,54.7836950000,11.8521816667,98.7000000000,-0.14,0.11,0.03,-320.7
2018.01.06_I0-0_DC_NUCF_2575.tiff,54.7837333333,11.8521266667,98.7000000000,0.02,-0.19,0.14,-319.45
2018.01.06_I0-0_DC_NUCF_2576.tiff,54.7837816667,11.8520550000,99.0000000000,0.15,-0.10,0.15,-321.03
2018.01.06_I0-0_DC_NUCF_2582.tiff,54.7838216667,11.8520000000,99.0000000000,0.02,-0.18,-0.03,-320.96
2018.01.06_I0-0_DC_NUCF_2588.tiff,54.7838616667,11.8519433333,98.9000000000,0.05,-0.20,-0.01,-320.7
2018.01.06_I0-0_DC_NUCF_2594.tiff,54.7839033333,11.8518866667,99.0000000000,0.05,0.11,0.08,-321.5
2018.01.06_I0-0_DC_NUCF_2600.tiff,54.7839433333,11.8518300000,99.0000000000,-0.13,0.02,0.15,-321.38
2018.01.06_I0-0_DC_NUCF_2601.tiff,54.7839933333,11.8517566667,98.9000000000,-0.14,0.02,-0.04,-319.67
2018.01.06_I0-0_DC_NUCF_2606.tiff,54.7840300000,11.8517066667,98.8000000000,0.00,0.01,-0.15,-320.47
2018.01.06_I0-0_DC_NUCF_2611.tiff,54.7840650000,11.8516550000,98.8000000000,-0.07,0.06,0.05,-319.6
2018.01.06_I0-0_DC_NUCF_2617.tiff,54.7841050000,11.8515966667,98.7000000000,0.02,-0.10,-0.01,-319.77
2018.01.06_I0-0_DC_NUCF_2623.tiff,54.7841450000,11.8515383333,98.8000000000,0.08,-0.13,0.12,-320.43
2018.01.06_I0-0_DC_NUCF_2626.tiff,54.7842100000,11.8514416667,98.8000000000,0.14,-0.15,-0.17,-319.86
2018.01.06_I0-0_DC_NUCF_2631.tiff,54.7842466667,11.8513900000,99.0000000000,-0.20,0.06,0.01,-318.91
2018.01.06_I0-0_DC_NUCF_2637.tiff,54.7842866667,11.8513300000,99.1000000000,0.06,-0.06,0.09,-320.26
2018.01.06_I0-0_DC_NUCF_2643.tiff,54.7843266667,11.8512716667,99.3000000000,-0.15,0.07,0.12,-320.62
2018.01.06_I0-0_DC_NUCF_2649.tiff,54.7843683333,11.8512150000,99.5000000000,0.09,-0.13,-0.06,-321.1
2018.01.06_I0-0_DC_NUCF_2651.tiff,54.7844283333,11.8511266667,99.5000000000,-0.15,0.02,0.05,-319.46
2018.01.06_I0-0_DC_NUCF_2657.tiff,54.7844683333,11.8510683333,99.6000000000,0.13,0.02,-0.12,-320.75
2018.01.06_I0-0_DC_NUCF_2663.tiff,54.7845083333,11.8510116667,99.6000000000,-0.01,0.20,-0.05,-320.38
2018.01.06_I0-0_DC_NUCF_2669.tiff,54.7845483333,11.8509533333,99.7000000000,0.17,-0.12,0.09,-319.27
2018.01.06_I0-0_DC_NUCF_2675.tiff,54.7845883333,11.8508966667,99.8000000000,0.07,-0.12,-0.06,-320.17
2018.01.06_I0-0_DC_NUCF_2676.tiff,54.7846333333,11.8508333333,99.8000000000,0.13,0.14,0.13,-320.26
2018.01.06_I0-0_DC_NUCF_2681.tiff,54.7846700000,11.8507833333,99.6000000000,-0.20,0.14,0.20,-320.41
2018.01.06_I0-0_DC_NUCF_2687.tiff,54.7847100000,11.8507266667,99.6000000000,-0.04,0.10,0.15,-320.39
2018.01.06_I0-0_DC_NUCF_2693.tiff,54.7847500000,11.8506700000,99.6000000000,-0.18,-0.07,0.03,-319.6
2018.01.06_I0-0_DC_NUCF_2699.tiff,54.7847900000,11.8506116667,99.9000000000,-0.06,-0.15,0.08,-320.13
2018.01.06_I0-0_DC_NUCF_2701.tiff,54.7848500000,11.8505233333,100.2000000000,-0.03,0.00,0.10,-319.64
2018.01.06_I0-0_DC_NUCF_2707.tiff,54.7848866667,11.8504716667,100.4000000000,0.17,0.19,-0.01,-320.6
2018.01.06_I0-0_DC_NUCF_2714.tiff,54.7849233333,11.8504200000,100.3000000000,0.11,-0.20,0.00,-320.79
2018.01.06_I0-0_DC_NUCF_2721.tiff,54.7849583333,11.8503666667,100.4000000000,-0.18,0.07,0.18,-318.12
2018.01.06_I0-0_DC_NUCF_2726.tiff,54.7850283333,11.8502683333,100.5000000000,-0.17,-0.04,0.01,-320.62
2018.01.06_I0-0_DC_NUCF_2733.tiff,54.7850650000,11.8502166667,100.6000000000,-0.06,-0.14,0.01,-322.93
2018.01.06_I0-0_DC_NUCF_2741.tiff,54.7851150000,11.8501800000,100.6000000000,-0.14,0.11,0.03,-350.21
2018.01.06_I0-0_DC_NUCF_2749.tiff,54.7851633333,11.8501850000,100.9000000000,0.11,-0.09,-0.05,-8.58
2018.01.06_I0-0_DC_NUCF_2751.tiff,54.7852200000,11.8502150000,100.8000000000,0.14,0.09,-0.04,-22.51
2018.01.06_I0-0_DC_NUCF_2758.tiff,54.7852633333,11.8502516667,100.7000000000,0.15,0.18,-0.08,-29.67
2018.01.06_I0-0_DC_NUCF_2766.tiff,54.7853050000,11.8502966667,100.3000000000,0.05,0.11,0.08,-35.12
2018.01.06_I0-0_DC_NUCF_2773.tiff,54.7853316667,11.8503600000,100.3000000000,-0.14,0.02,-0.04,-70.07
2018.01.06_I0-0_DC_NUCF_2776.tiff,54.7853316667,11.8504583333,100.7000000000,-0.01,-0.18,0.15,-98.67
2018.01.06_I0-0_DC_NUCF_2784.tiff,54.7853166667,11.8505400000,100.9000000000,-0.19,0.15,0.10,-111.09
2018.01.06_I0-0_DC_NUCF_2791.tiff,54.7852916667,11.8506183333,101.2000000000,-0.16,0.13,0.14,-119.92
2018.01.06_I0-0_DC_NUCF_2798.tiff,54.7852666667,11.8506900000,101.4000000000,0.14,-0.15,-0.17,-123.4
2018.01.06_I0-0_DC_NUCF_2801.tiff,54.7852216667,11.8507883333,101.5000000000,0.04,0.10,0.20,-129.37
2018.01.06_I0-0_DC_NUCF_2807.tiff,54.7851916667,11.8508483333,101.7000000000,-0.08,0.00,-0.06,-130.85
2018.01.06_I0-0_DC_NUCF_2813.tiff,54.7851633333,11.8509083333,101.8000000000,0.10,-0.15,-0.04,-131.72
2018.01.06_I0-0_DC_NUCF_2819.tiff,54.7851316667,11.8509666667,101.9000000000,0.01,-0.06,-0.15,-132.98
2018.01.06_I0-0_DC_NUCF_2825.tiff,54.7851000000,11.8510250000,102.0000000000,-0.08,-0.04,0.20,-134.21
2018.01.06_I0-0_DC_NUCF_2826.tiff,54.7850533333,11.8511050000,101.9000000000,0.12,-0.10,-0.10,-136.48
2018.01.06_I0-0_DC_NUCF_2832.tiff,54.7850183333,11.8511633333,101.9000000000,0.09,-0.18,0.10,-137.07
2018.01.06_I0-0_DC_NUCF_2838.tiff,54.7849816667,11.8512216667,101.8000000000,0.14,0.01,0.18,-136.94
2018.01.06_I0-0_DC_NUCF_2843.tiff,54.7849483333,11.8512733333,101.7000000000,0.02,0.12,-0.20,-137.41
2018.01.06_I0-0_DC_NUCF_2849.tiff,54.7849116667,11.8513300000,101.6000000000,-0.18,-0.04,-0.16,-138.97
2018.01.06_I0-0_DC_NUCF_2851.tiff,54.7848533333,11.8514166667,101.6000000000,0.09,0.06,-0.08,-140.16
2018.01.06_I0-0_DC_NUCF_2857.tiff,54.7848150000,11.8514716667,101.6000000000,-0.05,-0.05,-0.10,-139.31
2018.01.06_I0-0_DC_NUCF_2863.tiff,54.7847750000,11.8515300000,101.6000000000,-0.03,-0.04,-0.09,-139.53
2018.01.06_I0-0_DC_NUCF_2869.tiff,54.7847366667,11.8515866667,101.8000000000,0.01,0.07,0.16,-139.93
2018.01.06_I0-0_DC_NUCF_2875.tiff,54.7846966667,11.8516450000,101.9000000000,0.17,-0.17,-0.04,-139.34
2018.01.06_I0-0_DC_NUCF_2876.tiff,54.7846533333,11.8517083333,102.0000000000,-0.16,-0.12,-0.12,-140.33
2018.01.06_I0-0_DC_NUCF_2881.tiff,54.7846183333,11.8517600000,102.1000000000,0.15,0.08,-0.04,-140.34
2018.01.06_I0-0_DC_NUCF_2887.tiff,54.7845783333,11.8518166667,102.3000000000,0.20,0.18,0.17,-140.8
2018.01.06_I0-0_DC_NUCF_2893.tiff,54.7845383333,11.8518733333,102.5000000000,-0.18,0.07,0.18,-140.42
2018.01.06_I0-0_DC_NUCF_2899.tiff,54.7844983333,11.8519316667,102.8000000000,-0.08,0.05,-0.02,-139.96
2018.01.06_I0-0_DC_NUCF_2901.tiff,54.7844383333,11.8520200000,103.0000000000,-0.04,0.00,-0.01,-140.75
2018.01.06_I0-0_DC_NUCF_2907.tiff,54.7843966667,11.8520783333,103.1000000000,-0.16,0.07,0.01,-139.76
2018.01.06_I0-0_DC_NUCF_2913.tiff,54.7843566667,11.8521366667,103.1000000000,-0.14,0.11,0.03,-140.07
2018.01.06_I0-0_DC_NUCF_2919.tiff,54.7843166667,11.8521950000,103.2000000000,0.02,-0.19,0.14,-140.79
2018.01.06_I0-0_DC_NUCF_2925.tiff,54.7842750000,11.8522550000,103.2000000000,-0.01,0.03,0.14,-140.09
2018.01.06_I0-0_DC_NUCF_2926.tiff,54.7842233333,11.8523283333,103.3000000000,0.02,-0.18,-0.03,-140.49
2018.01.06_I0-0_DC_NUCF_2931.tiff,54.7841866667,11.8523816667,103.2000000000,0.00,0.07,0.18,-139.68
2018.01.06_I0-0_DC_NUCF_2936.tiff,54.7841516667,11.8524333333,103.2000000000,0.02,-0.02,-0.10,-139.99
2018.01.06_I0-0_DC_NUCF_2941.tiff,54.7841150000,11.8524866667,103.1000000000,-0.14,0.03,-0.17,-140.57
2018.01.06_I0-0_DC_NUCF_2947.tiff,54.7840733333,11.8525466667,103.0000000000,0.11,0.16,-0.10,-140.29
2018.01.06_I0-0_DC_NUCF_2951.tiff,54.7840000000,11.8526550000,102.9000000000,-0.08,-0.19,-0.18,-139.94
2018.01.06_I0-0_DC_NUCF_2956.tiff,54.7839633333,11.8527083333,103.0000000000,-0.19,0.15,0.10,-140.91
2018.01.06_I0-0_DC_NUCF_2961.tiff,54.7839266667,11.8527600000,103.1000000000,0.02,-0.10,-0.01,-139.96
2018.01.06_I0-0_DC_NUCF_2967.tiff,54.7838833333,11.8528216667,103.1000000000,0.08,-0.13,0.12,-139.99
2018.01.06_I0-0_DC_NUCF_2973.tiff,54.7838416667,11.8528833333,103.2000000000,0.04,0.10,0.20,-140.5
2018.01.06_I0-0_DC_NUCF_2976.tiff,54.7837783333,11.8529750000,103.4000000000,-0.10,-0.10,-0.07,-139.81
2018.01.06_I0-0_DC_NUCF_2982.tiff,54.7837366667,11.8530350000,103.4000000000,0.10,0.11,0.16,-139.85
2018.01.06_I0-0_DC_NUCF_2988.tiff,54.7836966667,11.8530966667,103.4000000000,-0.11,-0.12,-0.17,-139.41
2018.01.06_I0-0_DC_NUCF_2994.tiff,54.7836550000,11.8531583333,103.4000000000,-0.11,0.14,0.10,-139.24
2018.01.06_I0-0_DC_NUCF_3000.tiff,54.7836150000,11.8532183333,103.5000000000,-0.06,-0.15,0.00,-139.39
2018.01.06_I0-0_DC_NUCF_3001.tiff,54.7835616667,11.8532933333,103.4000000000,0.13,0.02,-0.12,-140.96
2018.01.06_I0-0_DC_NUCF_3006.tiff,54.7835250000,11.8533450000,103.5000000000,-0.16,0.04,0.12,-140.4
2018.01.06_I0-0_DC_NUCF_3011.tiff,54.7834900000,11.8533983333,103.5000000000,-0.05,0.19,-0.11,-140.33
2018.01.06_I0-0_DC_NUCF_3017.tiff,54.7834483333,11.8534583333,103.6000000000,0.06,0.04,-0.08,-139.78
2018.01.06_I0-0_DC_NUCF_3023.tiff,54.7834066667,11.8535183333,103.7000000000,0.09,0.06,-0.08,-139.7
2018.01.06_I0-0_DC_NUCF_3026.tiff,54.7833400000,11.8536166667,104.0000000000,0.05,-0.13,-0.04,-139.77
2018.01.06_I0-0_DC_NUCF_3031.tiff,54.7833033333,11.8536700000,104.0000000000,-0.04,0.10,0.15,-139.52
2018.01.06_I0-0_DC_NUCF_3037.tiff,54.7832616667,11.8537300000,104.0000000000,-0.18,-0.07,0.03,-139.89
2018.01.06_I0-0_DC_NUCF_3043.tiff,54.7832200000,11.8537900000,104.0000000000,-0.06,-0.15,0.08,-140.35
2018.01.06_I0-0_DC_NUCF_3049.tiff,54.7831783333,11.8538500000,103.9000000000,0.16,-0.05,0.01,-139.54
2018.01.06_I0-0_DC_NUCF_3051.tiff,54.7831166667,11.8539400000,103.6000000000,0.17,0.19,-0.01,-139.94
2018.01.06_I0-0_DC_NUCF_3057.tiff,54.7830750000,11.8540000000,103.4000000000,0.12,-0.10,-0.11,-140.26
2018.01.06_I0-0_DC_NUCF_3063.tiff,54.7830333333,11.8540616667,103.2000000000,0.20,-0.16,-0.06,-139.79
2018.01.06_I0-0_DC_NUCF_3069.tiff,54.7829900000,11.8541216667,103.0000000000,-0.17,0.08,-0.16,-139.46
2018.01.06_I0-0_DC_NUCF_3075.tiff,54.7829483333,11.8541833333,102.8000000000,0.06,-0.05,-0.19,-139.58
2018.01.06_I0-0_DC_NUCF_3076.tiff,54.7829016667,11.8542533333,102.6000000000,-0.14,0.14,-0.18,-138.79
2018.01.06_I0-0_DC_NUCF_3081.tiff,54.7828666667,11.8543066667,102.4000000000,-0.17,-0.03,-0.01,-139.4
2018.01.06_I0-0_DC_NUCF_3087.tiff,54.7828250000,11.8543683333,102.1000000000,-0.15,-0.02,0.16,-139.68
2018.01.06_I0-0_DC_NUCF_3093.tiff,54.7827833333,11.8544283333,101.8000000000,0.11,-0.09,-0.05,-139.48
2018.01.06_I0-0_DC_NUCF_3099.tiff,54.7827416667,11.8544900000,101.5000000000,0.05,-0.15,-0.17,-140.12
2018.01.06_I0-0_DC_NUCF_3101.tiff,54.7826783333,11.8545816667,101.3000000000,0.01,0.14,0.15,-140.41
2018.01.06_I0-0_DC_NUCF_3107.tiff,54.7826350000,11.8546433333,101.2000000000,0.11,-0.03,-0.08,-139.82
2018.01.06_I0-0_DC_NUCF_3113.tiff,54.7825933333,11.8547050000,101.2000000000,-0.14,0.03,-0.17,-139.74
2018.01.06_I0-0_DC_NUCF_3119.tiff,54.7825516667,11.8547666667,101.0000000000,0.11,0.16,-0.10,-138.96
2018.01.06_I0-0_DC_NUCF_3125.tiff,54.7825100000,11.8548300000,100.7000000000,0.18,-0.19,-0.13,-139.65
2018.01.06_I0-0_DC_NUCF_3126.tiff,54.7824566667,11.8549066667,100.5000000000,0.04,0.05,0.12,-140.11
2018.01.06_I0-0_DC_NUCF_3131.tiff,54.7824200000,11.8549600000,100.4000000000,0.03,-0.18,-0.14,-139.48
2018.01.06_I0-0_DC_NUCF_3136.tiff,54.7823833333,11.8550150000,100.3000000000,0.11,-0.12,-0.13,-139.66
2018.01.06_I0-0_DC_NUCF_3141.tiff,54.7823466667,11.8550683333,100.1000000000,-0.01,0.13,0.18,-139.52
2018.01.06_I0-0_DC_NUCF_3147.tiff,54.7823050000,11.8551300000,99.9000000000,-0.20,0.06,0.01,-139.92
2018.01.06_I0-0_DC_NUCF_3151.tiff,54.7822300000,11.8552366667,99.7000000000,-0.08,0.00,-0.06,-140.62
2018.01.06_I0-0_DC_NUCF_3156.tiff,54.7821933333,11.8552900000,99.7000000000,-0.06,0.19,0.18,-140.15
2018.01.06_I0-0_DC_NUCF_3161.tiff,54.7821550000,11.8553450000,99.7000000000,0.20,-0.15,0.00,-140.02
2018.01.06_I0-0_DC_NUCF_3167.tiff,54.7821133333,11.8554050000,99.6000000000,-0.15,0.02,0.05,-140.8
2018.01.06_I0-0_DC_NUCF_3173.tiff,54.7820766667,11.8554566667,99.0000000000,0.13,0.02,-0.12,-140.72
2018.01.06_I0-0_DC_NUCF_3176.tiff,54.7820266667,11.8555283333,99.3000000000,0.09,-0.18,0.10,-140.28
2018.01.06_I0-0_DC_NUCF_3183.tiff,54.7819883333,11.8555816667,99.2000000000,-0.05,0.19,-0.11,-140.56
2018.01.06_I0-0_DC_NUCF_3190.tiff,54.7819500000,11.8556350000,99.2000000000,0.11,0.01,0.02,-140.65
2018.01.06_I0-0_DC_NUCF_3197.tiff,54.7819116667,11.8557016667,99.2000000000,-0.20,0.14,0.20,-126.08
2018.01.06_I0-0_DC_NUCF_3201.tiff,54.7818900000,11.8558283333,99.4000000000,-0.05,-0.05,-0.10,-96.04
2018.01.06_I0-0_DC_NUCF_3208.tiff,54.7818916667,11.8559183333,99.4000000000,0.17,-0.01,0.17,-85.04
2018.01.06_I0-0_DC_NUCF_3216.tiff,54.7818966667,11.8560033333,99.4000000000,-0.06,0.08,0.03,-83.32
2018.01.06_I0-0_DC_NUCF_3223.tiff,54.7819050000,11.8560866667,99.1000000000,0.17,0.19,-0.01,-76.3
2018.01.06_I0-0_DC_NUCF_3226.tiff,54.7819283333,11.8561850000,99.0000000000,-0.03,0.04,0.09,-51.45
2018.01.06_I0-0_DC_NUCF_3234.tiff,54.7819750000,11.8562300000,99.2000000000,-0.17,0.09,-0.02,-22.25
2018.01.06_I0-0_DC_NUCF_3242.tiff,54.7820233333,11.8562400000,99.2000000000,-0.17,-0.04,0.01,-358.25
2018.01.06_I0-0_DC_NUCF_3249.tiff,54.7820733333,11.8562233333,99.1000000000,-0.06,-0.14,0.01,-344.67
2018.01.06_I0-0_DC_NUCF_3251.tiff,54.7821316667,11.8561850000,99.0000000000,-0.16,0.07,0.01,-337.19
2018.01.06_I0-0_DC_NUCF_3258.tiff,54.7821750000,11.8561450000,99.0000000000,-0.15,0.19,0.12,-330.13
2018.01.06_I0-0_DC_NUCF_3265.tiff,54.7822183333,11.8561000000,99.3000000000,0.11,-0.09,-0.05,-326.78
2018.01.06_I0-0_DC_NUCF_3272.tiff,54.7822633333,11.8560483333,99.5000000000,0.04,0.01,0.06,-327.02
2018.01.06_I0-0_DC_NUCF_3276.tiff,54.7823216667,11.8559766667,99.7000000000,0.05,-0.20,-0.01,-322.35
2018.01.06_I0-0_DC_NUCF_3283.tiff,54.7823616667,11.8559233333,99.8000000000,-0.11,-0.12,-0.01,-323.23
2018.01.06_I0-0_DC_NUCF_3290.tiff,54.7824050000,11.8558633333,100.1000000000,-0.14,0.16,0.12,-320.84
2018.01.06_I0-0_DC_NUCF_3297.tiff,54.7824450000,11.8558083333,100.3000000000,0.18,-0.19,-0.13,-322.24
2018.01.06_I0-0_DC_NUCF_3301.tiff,54.7825100000,11.8557133333,100.7000000000,-0.02,-0.20,0.19,-320.71
2018.01.06_I0-0_DC_NUCF_3307.tiff,54.7825450000,11.8556616667,100.9000000000,-0.16,0.13,0.14,-320.04
2018.01.06_I0-0_DC_NUCF_3313.tiff,54.7825800000,11.8556100000,101.1000000000,-0.01,0.13,0.18,-320.74
2018.01.06_I0-0_DC_NUCF_3319.tiff,54.7826150000,11.8555600000,101.2000000000,-0.20,0.06,0.01,-321.72
2018.01.06_I0-0_DC_NUCF_3325.tiff,54.7826516667,11.8555083333,101.4000000000,0.06,-0.06,0.09,-320.26
2018.01.06_I0-0_DC_NUCF_3326.tiff,54.7826966667,11.8554433333,101.4000000000,0.10,0.11,0.16,-320.43
2018.01.06_I0-0_DC_NUCF_3332.tiff,54.7827333333,11.8553900000,101.4000000000,-0.11,-0.12,-0.17,-321.18
2018.01.06_I0-0_DC_NUCF_3338.tiff,54.7827700000,11.8553383333,101.4000000000,-0.11,0.14,0.10,-320.71
2018.01.06_I0-0_DC_NUCF_3344.tiff,54.7828116667,11.8552783333,101.6000000000,-0.06,-0.15,0.00,-320.77
2018.01.06_I0-0_DC_NUCF_3350.tiff,54.7828483333,11.8552266667,101.8000000000,-0.16,0.04,0.12,-320.59
2018.01.06_I0-0_DC_NUCF_3351.tiff,54.7828950000,11.8551583333,101.9000000000,-0.01,0.20,-0.05,-320.39
2018.01.06_I0-0_DC_NUCF_3357.tiff,54.7829333333,11.8551033333,102.2000000000,0.17,-0.12,0.09,-320.98
2018.01.06_I0-0_DC_NUCF_3363.tiff,54.7829716667,11.8550483333,102.3000000000,0.07,-0.12,-0.06,-319.73
2018.01.06_I0-0_DC_NUCF_3369.tiff,54.7830083333,11.8549916667,102.3000000000,-0.20,0.14,0.20,-320.8
2018.01.06_I0-0_DC_NUCF_3375.tiff,54.7830466667,11.8549366667,102.3000000000,-0.04,0.10,0.15,-319.9
2018.01.06_I0-0_DC_NUCF_3376.tiff,54.7830950000,11.8548666667,102.5000000000,-0.02,-0.12,0.04,-320.89
2018.01.06_I0-0_DC_NUCF_3382.tiff,54.7831333333,11.8548116667,102.7000000000,-0.06,0.15,-0.07,-320.04
2018.01.06_I0-0_DC_NUCF_3388.tiff,54.7831700000,11.8547583333,102.8000000000,-0.06,0.08,0.03,-320.46
2018.01.06_I0-0_DC_NUCF_3394.tiff,54.7832050000,11.8547050000,102.8000000000,-0.12,-0.03,-0.06,-320.95
2018.01.06_I0-0_DC_NUCF_3396.tiff,54.7832150000,11.8546916667,102.8000000000,-0.02,-0.08,0.02,-320.44
2018.01.06_I0-0_DC_NUCF_3401.tiff,54.7832883333,11.8545850000,103.1000000000,0.12,-0.10,-0.11,-320.22
2018.01.06_I0-0_DC_NUCF_3407.tiff,54.7833250000,11.8545300000,103.1000000000,0.20,-0.16,-0.06,-320.27
2018.01.06_I0-0_DC_NUCF_3413.tiff,54.7833633333,11.8544750000,103.1000000000,-0.17,0.08,-0.16,-320.07
2018.01.06_I0-0_DC_NUCF_3419.tiff,54.7834000000,11.8544200000,103.2000000000,0.06,-0.05,-0.19,-320.72
2018.01.06_I0-0_DC_NUCF_3425.tiff,54.7834366667,11.8543666667,103.1000000000,-0.17,-0.03,-0.01,-320.73
2018.01.06_I0-0_DC_NUCF_3426.tiff,54.7834900000,11.8542900000,103.1000000000,0.02,-0.01,0.10,-320.32
2018.01.06_I0-0_DC_NUCF_3432.tiff,54.7835283333,11.8542350000,103.1000000000,0.03,-0.13,0.18,-320.48
2018.01.06_I0-0_DC_NUCF_3438.tiff,54.7835650000,11.8541800000,103.1000000000,-0.13,-0.06,0.01,-319.77
2018.01.06_I0-0_DC_NUCF_3444.tiff,54.7836033333,11.8541250000,102.9000000000,0.04,0.01,0.06,-319.38
2018.01.06_I0-0_DC_NUCF_3450.tiff,54.7836400000,11.8540683333,103.0000000000,-0.03,0.08,0.10,-319.29
2018.01.06_I0-0_DC_NUCF_3451.tiff,54.7836933333,11.8539900000,103.2000000000,0.11,-0.03,-0.08,-320.29
2018.01.06_I0-0_DC_NUCF_3457.tiff,54.7837316667,11.8539350000,103.1000000000,-0.14,0.03,-0.17,-319.83
2018.01.06_I0-0_DC_NUCF_3463.tiff,54.7837683333,11.8538800000,103.1000000000,0.11,0.16,-0.10,-320.16
2018.01.06_I0-0_DC_NUCF_3469.tiff,54.7838083333,11.8538233333,103.1000000000,0.18,-0.19,-0.13,-319.69
2018.01.06_I0-0_DC_NUCF_3475.tiff,54.7838450000,11.8537666667,103.0000000000,0.03,-0.18,-0.14,-319.65
2018.01.06_I0-0_DC_NUCF_3476.tiff,54.7838900000,11.8537016667,102.9000000000,-0.04,-0.06,-0.13,-319.71
2018.01.06_I0-0_DC_NUCF_3482.tiff,54.7839283333,11.8536450000,102.9000000000,-0.12,0.04,0.02,-319.66
2018.01.06_I0-0_DC_NUCF_3487.tiff,54.7839616667,11.8535933333,102.9000000000,0.06,0.00,-0.14,-318.82
2018.01.06_I0-0_DC_NUCF_3493.tiff,54.7840000000,11.8535366667,103.0000000000,0.05,0.16,0.01,-320.07
2018.01.06_I0-0_DC_NUCF_3499.tiff,54.7840400000,11.8534783333,102.9000000000,0.06,-0.18,-0.19,-319.49
2018.01.06_I0-0_DC_NUCF_3501.tiff,54.7840983333,11.8533883333,102.6000000000,0.10,-0.15,-0.04,-318.35
2018.01.06_I0-0_DC_NUCF_3507.tiff,54.7841366667,11.8533300000,102.2000000000,0.01,-0.06,-0.15,-318.69
2018.01.06_I0-0_DC_NUCF_3513.tiff,54.7841750000,11.8532716667,102.0000000000,-0.08,-0.04,0.20,-318.02
2018.01.06_I0-0_DC_NUCF_3519.tiff,54.7842133333,11.8532116667,101.8000000000,0.12,0.03,0.17,-318.87
2018.01.06_I0-0_DC_NUCF_3524.tiff,54.7842466667,11.8531600000,101.8000000000,0.20,-0.06,-0.10,-319.07
2018.01.06_I0-0_DC_NUCF_3526.tiff,54.7842983333,11.8530800000,101.7000000000,0.14,0.01,0.18,-319.19
2018.01.06_I0-0_DC_NUCF_3531.tiff,54.7843333333,11.8530300000,101.7000000000,0.02,0.12,-0.20,-319.66
2018.01.06_I0-0_DC_NUCF_3537.tiff,54.7843716667,11.8529716667,101.7000000000,-0.18,-0.04,-0.16,-319.73
2018.01.06_I0-0_DC_NUCF_3542.tiff,54.7844066667,11.8529216667,101.7000000000,0.05,-0.13,-0.04,-319.8
2018.01.06_I0-0_DC_NUCF_3548.tiff,54.7844450000,11.8528633333,101.8000000000,-0.02,-0.12,0.04,-320.06
2018.01.06_I0-0_DC_NUCF_3551.tiff,54.7845083333,11.8527700000,101.6000000000,-0.03,-0.04,-0.09,-320.21
2018.01.06_I0-0_DC_NUCF_3557.tiff,54.7845483333,11.8527150000,101.7000000000,0.01,0.07,0.16,-320.71
2018.01.06_I0-0_DC_NUCF_3563.tiff,54.7845866667,11.8526583333,101.6000000000,0.17,-0.17,-0.04,-320.62
2018.01.06_I0-0_DC_NUCF_3568.tiff,54.7846216667,11.8526083333,101.7000000000,-0.02,-0.08,0.02,-320.53
2018.01.06_I0-0_DC_NUCF_3574.tiff,54.7846616667,11.8525533333,101.7000000000,0.11,-0.20,0.00,-321.9
2018.01.06_I0-0_DC_NUCF_3576.tiff,54.7847166667,11.8524783333,101.8000000000,0.00,0.18,0.08,-321.13
2018.01.06_I0-0_DC_NUCF_3582.tiff,54.7847566667,11.8524216667,101.9000000000,0.10,0.08,-0.03,-321.35
2018.01.06_I0-0_DC_NUCF_3588.tiff,54.7847983333,11.8523633333,102.0000000000,0.05,-0.15,0.08,-319.58
2018.01.06_I0-0_DC_NUCF_3594.tiff,54.7848383333,11.8523050000,102.0000000000,-0.17,-0.02,-0.05,-319.81
2018.01.06_I0-0_DC_NUCF_3600.tiff,54.7848783333,11.8522450000,102.0000000000,-0.09,0.10,-0.14,-319.87
2018.01.06_I0-0_DC_NUCF_3601.tiff,54.7849283333,11.8521733333,101.9000000000,-0.14,0.11,0.03,-320.26
2018.01.06_I0-0_DC_NUCF_3606.tiff,54.7849633333,11.8521216667,101.9000000000,0.09,0.08,-0.08,-319.2
2018.01.06_I0-0_DC_NUCF_3611.tiff,54.7849983333,11.8520700000,101.9000000000,0.14,0.09,-0.04,-320.21
2018.01.06_I0-0_DC_NUCF_3617.tiff,54.7850400000,11.8520133333,101.9000000000,0.01,0.14,0.15,-321.29
2018.01.06_I0-0_DC_NUCF_3623.tiff,54.7850816667,11.8519533333,101.9000000000,0.11,-0.03,-0.08,-320.96
2018.01.06_I0-0_DC_NUCF_3626.tiff,54.7851466667,11.8518583333,101.8000000000,0.05,0.11,0.08,-319.44
2018.01.06_I0-0_DC_NUCF_3631.tiff,54.7851816667,11.8518083333,101.6000000000,0.18,-0.03,0.05,-320.77
2018.01.06_I0-0_DC_NUCF_3637.tiff,54.7852216667,11.8517516667,101.7000000000,-0.10,0.17,0.16,-320.1
2018.01.06_I0-0_DC_NUCF_3643.tiff,54.7852616667,11.8516933333,101.6000000000,-0.07,0.06,0.05,-320.64
2018.01.06_I0-0_DC_NUCF_3649.tiff,54.7853033333,11.8516366667,101.5000000000,0.02,-0.10,-0.01,-321.24
2018.01.06_I0-0_DC_NUCF_3651.tiff,54.7853616667,11.8515516667,101.5000000000,-0.16,0.13,0.14,-319.2
2018.01.06_I0-0_DC_NUCF_3657.tiff,54.7853966667,11.8515016667,102.0000000000,-0.01,0.13,0.18,-319.74
2018.01.06_I0-0_DC_NUCF_3664.tiff,54.7854316667,11.8514483333,102.0000000000,-0.10,-0.10,-0.07,-320.46
2018.01.06_I0-0_DC_NUCF_3671.tiff,54.7854683333,11.8513983333,102.0000000000,0.06,-0.18,-0.19,-321.87
2018.01.06_I0-0_DC_NUCF_3676.tiff,54.7855300000,11.8513133333,102.2000000000,-0.11,-0.12,-0.17,-321.15
2018.01.06_I0-0_DC_NUCF_3683.tiff,54.7855650000,11.8512633333,102.3000000000,-0.15,0.02,0.05,-324.43
2018.01.06_I0-0_DC_NUCF_3690.tiff,54.7856116667,11.8512383333,102.3000000000,-0.18,-0.15,0.11,-353.36
2018.01.06_I0-0_DC_NUCF_3698.tiff,54.7856600000,11.8512433333,102.1000000000,0.14,0.01,0.18,-10.74
2018.01.06_I0-0_DC_NUCF_3701.tiff,54.7857233333,11.8512833333,101.7000000000,0.17,-0.12,0.09,-25.8
2018.01.06_I0-0_DC_NUCF_3708.tiff,54.7857633333,11.8513216667,101.4000000000,0.13,0.14,0.13,-30.43
2018.01.06_I0-0_DC_NUCF_3716.tiff,54.7858083333,11.8513750000,101.3000000000,0.05,-0.07,0.15,-36.55
2018.01.06_I0-0_DC_NUCF_3724.tiff,54.7858366667,11.8514400000,101.4000000000,0.17,-0.01,0.17,-69.46
2018.01.06_I0-0_DC_NUCF_3726.tiff,54.7858333333,11.8515416667,101.9000000000,-0.06,0.15,-0.07,-99.85
2018.01.06_I0-0_DC_NUCF_3734.tiff,54.7858183333,11.8516200000,102.4000000000,-0.10,-0.05,0.11,-113.9
2018.01.06_I0-0_DC_NUCF_3741.tiff,54.7857950000,11.8516950000,102.9000000000,0.15,0.08,-0.04,-120.07
2018.01.06_I0-0_DC_NUCF_3748.tiff,54.7857700000,11.8517616667,103.2000000000,0.00,0.18,0.08,-124.75
2018.01.06_I0-0_DC_NUCF_3751.tiff,54.7857266667,11.8518566667,103.3000000000,0.20,-0.16,-0.06,-129.32
2018.01.06_I0-0_DC_NUCF_3758.tiff,54.7856916667,11.8519266667,103.5000000000,-0.17,-0.04,0.01,-132.31
2018.01.06_I0-0_DC_NUCF_3765.tiff,54.7856583333,11.8519916667,103.7000000000,-0.06,-0.14,0.01,-132.5
2018.01.06_I0-0_DC_NUCF_3772.tiff,54.7856216667,11.8520533333,103.7000000000,-0.09,0.10,-0.14,-135.26
2018.01.06_I0-0_DC_NUCF_3776.tiff,54.7855650000,11.8521516667,103.8000000000,0.03,-0.13,0.18,-136.27
2018.01.06_I0-0_DC_NUCF_3782.tiff,54.7855316667,11.8522083333,103.8000000000,-0.13,-0.06,0.01,-136.43
2018.01.06_I0-0_DC_NUCF_3788.tiff,54.7854966667,11.8522650000,103.7000000000,0.04,0.01,0.06,-137.29
2018.01.06_I0-0_DC_NUCF_3794.tiff,54.7854616667,11.8523200000,103.6000000000,-0.03,0.08,0.10,-138.2
2018.01.06_I0-0_DC_NUCF_3800.tiff,54.7854250000,11.8523766667,103.5000000000,0.19,-0.07,0.16,-138.95
2018.01.06_I0-0_DC_NUCF_3801.tiff,54.7853783333,11.8524450000,103.4000000000,-0.14,0.03,-0.17,-139.25
2018.01.06_I0-0_DC_NUCF_3807.tiff,54.7853416667,11.8525016667,103.4000000000,0.11,0.16,-0.10,-138.88
2018.01.06_I0-0_DC_NUCF_3813.tiff,54.7853033333,11.8525566667,103.3000000000,0.18,-0.19,-0.13,-140.16
2018.01.06_I0-0_DC_NUCF_3819.tiff,54.7852666667,11.8526116667,103.3000000000,0.03,-0.18,-0.14,-139.81
2018.01.06_I0-0_DC_NUCF_3825.tiff,54.7852283333,11.8526700000,103.3000000000,0.17,-0.15,0.05,-139.92
2018.01.06_I0-0_DC_NUCF_3826.tiff,54.7851750000,11.8527466667,103.3000000000,-0.12,0.04,0.02,-140.57
2018.01.06_I0-0_DC_NUCF_3831.tiff,54.7851400000,11.8527983333,103.5000000000,0.06,0.00,-0.14,-140.33
2018.01.06_I0-0_DC_NUCF_3837.tiff,54.7851000000,11.8528550000,103.6000000000,0.05,0.16,0.01,-140.57
2018.01.06_I0-0_DC_NUCF_3843.tiff,54.7850616667,11.8529116667,103.7000000000,0.06,-0.18,-0.19,-140.55
2018.01.06_I0-0_DC_NUCF_3849.tiff,54.7850216667,11.8529700000,103.8000000000,0.20,-0.15,0.00,-140.22
2018.01.06_I0-0_DC_NUCF_3851.tiff,54.7849616667,11.8530550000,103.9000000000,0.01,-0.06,-0.15,-141.07
2018.01.06_I0-0_DC_NUCF_3857.tiff,54.7849216667,11.8531116667,104.0000000000,-0.08,-0.04,0.20,-140.9
2018.01.06_I0-0_DC_NUCF_3863.tiff,54.7848800000,11.8531700000,104.1000000000,0.12,0.03,0.17,-140.69
2018.01.06_I0-0_DC_NUCF_3869.tiff,54.7848400000,11.8532283333,104.2000000000,-0.12,-0.20,0.02,-140.01
2018.01.06_I0-0_DC_NUCF_3875.tiff,54.7848000000,11.8532850000,104.4000000000,0.02,0.12,-0.20,-140.27
2018.01.06_I0-0_DC_NUCF_3876.tiff,54.7847550000,11.8533516667,104.6000000000,0.04,0.14,-0.17,-140.04
2018.01.06_I0-0_DC_NUCF_3881.tiff,54.7847200000,11.8534016667,104.7000000000,-0.18,-0.04,-0.16,-140.2
2018.01.06_I0-0_DC_NUCF_3887.tiff,54.7846783333,11.8534616667,104.8000000000,-0.04,0.13,0.10,-139.36
2018.01.06_I0-0_DC_NUCF_3893.tiff,54.7846383333,11.8535216667,104.8000000000,0.01,0.00,0.05,-140.08
2018.01.06_I0-0_DC_NUCF_3899.tiff,54.7845966667,11.8535800000,104.8000000000,-0.09,-0.04,0.07,-140.25
2018.01.06_I0-0_DC_NUCF_3901.tiff,54.7845350000,11.8536700000,104.8000000000,0.01,0.07,0.16,-139.97
2018.01.06_I0-0_DC_NUCF_3907.tiff,54.7844933333,11.8537300000,104.8000000000,0.17,-0.17,-0.04,-140.38
2018.01.06_I0-0_DC_NUCF_3912.tiff,54.7844566667,11.8537833333,104.8000000000,-0.02,-0.08,0.02,-139.84
2018.01.06_I0-0_DC_NUCF_3918.tiff,54.7844150000,11.8538433333,104.8000000000,0.11,-0.20,0.00,-139.68
2018.01.06_I0-0_DC_NUCF_3924.tiff,54.7843783333,11.8538983333,104.9000000000,0.14,0.12,-0.04,-140.05
2018.01.06_I0-0_DC_NUCF_3926.tiff,54.7843100000,11.8539966667,105.0000000000,0.10,0.08,-0.03,-140.13
2018.01.06_I0-0_DC_NUCF_3932.tiff,54.7842683333,11.8540583333,105.1000000000,0.05,-0.15,0.08,-139.88
2018.01.06_I0-0_DC_NUCF_3938.tiff,54.7842250000,11.8541200000,105.1000000000,-0.17,-0.02,-0.05,-139.8
2018.01.06_I0-0_DC_NUCF_3944.tiff,54.7841833333,11.8541816667,105.2000000000,-0.09,0.10,-0.14,-139.75
2018.01.06_I0-0_DC_NUCF_3950.tiff,54.7841400000,11.8542433333,105.2000000000,0.09,0.08,-0.08,-140.66
2018.01.06_I0-0_DC_NUCF_3951.tiff,54.7840883333,11.8543183333,105.4000000000,0.02,-0.19,0.14,-140.23
2018.01.06_I0-0_DC_NUCF_3956.tiff,54.7840516667,11.8543733333,105.5000000000,-0.03,-0.04,-0.15,-139.68
2018.01.06_I0-0_DC_NUCF_3961.tiff,54.7840150000,11.8544266667,105.7000000000,0.01,0.14,0.15,-139.21
2018.01.06_I0-0_DC_NUCF_3967.tiff,54.7839733333,11.8544883333,105.7000000000,0.11,-0.03,-0.08,-139.64
2018.01.06_I0-0_DC_NUCF_3973.tiff,54.7839300000,11.8545516667,105.8000000000,-0.14,0.03,-0.17,-139.69
2018.01.06_I0-0_DC_NUCF_3976.tiff,54.7838666667,11.8546450000,106.1000000000,-0.13,0.02,0.15,-140.22
2018.01.06_I0-0_DC_NUCF_3982.tiff,54.7838233333,11.8547083333,106.2000000000,0.00,0.01,-0.15,-138.86
2018.01.06_I0-0_DC_NUCF_3988.tiff,54.7837800000,11.8547700000,106.3000000000,-0.19,0.15,0.10,-140.12
2018.01.06_I0-0_DC_NUCF_3994.tiff,54.7837383333,11.8548333333,106.4000000000,0.15,0.07,-0.05,-139.78
2018.01.06_I0-0_DC_NUCF_4000.tiff,54.7836950000,11.8548966667,106.5000000000,0.13,0.08,-0.18,-138.73
2018.01.06_I0-0_DC_NUCF_4001.tiff,54.7836416667,11.8549750000,106.5000000000,-0.01,0.13,0.18,-139.65
2018.01.06_I0-0_DC_NUCF_4006.tiff,54.7836050000,11.8550300000,106.6000000000,-0.16,-0.20,0.16,-139.69
2018.01.06_I0-0_DC_NUCF_4011.tiff,54.7835666667,11.8550850000,106.6000000000,-0.08,0.00,-0.06,-140.44
2018.01.06_I0-0_DC_NUCF_4017.tiff,54.7835233333,11.8551483333,106.5000000000,0.10,-0.15,-0.04,-139.11
2018.01.06_I0-0_DC_NUCF_4023.tiff,54.7834800000,11.8552116667,106.4000000000,0.01,-0.06,-0.15,-139.83
2018.01.06_I0-0_DC_NUCF_4026.tiff,54.7834100000,11.8553133333,106.1000000000,-0.11,0.14,0.10,-139.57
2018.01.06_I0-0_DC_NUCF_4031.tiff,54.7833733333,11.8553700000,106.1000000000,-0.06,0.09,0.09,-140.1
2018.01.06_I0-0_DC_NUCF_4037.tiff,54.7833300000,11.8554316667,106.2000000000,-0.13,-0.18,0.20,-139.83
2018.01.06_I0-0_DC_NUCF_4043.tiff,54.7832866667,11.8554966667,106.1000000000,-0.05,0.19,-0.11,-139.27
2018.01.06_I0-0_DC_NUCF_4049.tiff,54.7832433333,11.8555600000,106.1000000000,0.06,0.04,-0.08,-140.29
2018.01.06_I0-0_DC_NUCF_4051.tiff,54.7831800000,11.8556550000,106.1000000000,0.07,-0.12,-0.06,-139.58
2018.01.06_I0-0_DC_NUCF_4057.tiff,54.7831366667,11.8557166667,106.0000000000,-0.20,0.14,0.20,-139.6
2018.01.06_I0-0_DC_NUCF_4063.tiff,54.7830950000,11.8557800000,105.8000000000,-0.04,0.10,0.15,-139.86
2018.01.06_I0-0_DC_NUCF_4069.tiff,54.7830516667,11.8558416667,105.6000000000,-0.18,-0.07,0.03,-140.15
2018.01.06_I0-0_DC_NUCF_4075.tiff,54.7830100000,11.8559016667,105.3000000000,-0.06,-0.15,0.08,-140.49
2018.01.06_I0-0_DC_NUCF_4076.tiff,54.7829600000,11.8559716667,105.2000000000,-0.06,0.08,0.03,-140.73
2018.01.06_I0-0_DC_NUCF_4081.tiff,54.7829216667,11.8560266667,105.1000000000,0.16,-0.05,0.01,-140.94
2018.01.06_I0-0_DC_NUCF_4087.tiff,54.7828800000,11.8560900000,105.2000000000,0.09,0.06,0.13,-139.98
2018.01.06_I0-0_DC_NUCF_4093.tiff,54.7828366667,11.8561533333,105.2000000000,0.14,-0.04,0.18,-139.53
2018.01.06_I0-0_DC_NUCF_4099.tiff,54.7827950000,11.8562150000,105.0000000000,-0.10,-0.20,0.03,-139.83
2018.01.06_I0-0_DC_NUCF_4101.tiff,54.7827300000,11.8563100000,104.8000000000,-0.17,0.08,-0.16,-140.49
2018.01.06_I0-0_DC_NUCF_4106.tiff,54.7826916667,11.8563633333,104.7000000000,-0.18,-0.15,-0.14,-140.3
2018.01.06_I0-0_DC_NUCF_4112.tiff,54.7826550000,11.8564183333,104.6000000000,0.01,-0.17,-0.20,-139.89
2018.01.06_I0-0_DC_NUCF_4117.tiff,54.7826183333,11.8564716667,104.5000000000,-0.14,0.11,0.03,-140.35
2018.01.06_I0-0_DC_NUCF_4123.tiff,54.7825800000,11.8565250000,104.3000000000,0.02,-0.19,0.14,-141.29
2018.01.06_I0-0_DC_NUCF_4126.tiff,54.7825250000,11.8566033333,103.9000000000,-0.13,-0.06,0.01,-140.72
2018.01.06_I0-0_DC_NUCF_4132.tiff,54.7824866667,11.8566566667,103.8000000000,0.04,0.01,0.06,-139.96
2018.01.06_I0-0_DC_NUCF_4139.tiff,54.7824500000,11.8567116667,103.6000000000,0.11,-0.03,-0.08,-140.09
2018.01.06_I0-0_DC_NUCF_4146.tiff,54.7824133333,11.8567666667,103.5000000000,0.10,-0.01,0.04,-139.76
2018.01.06_I0-0_DC_NUCF_4151.tiff,54.7823550000,11.8568766667,102.9000000000,0.11,0.16,-0.10,-118.03
2018.01.06_I0-0_DC_NUCF_4158.tiff,54.7823433333,11.8569650000,102.8000000000,0.04,0.05,0.12,-96.2
2018.01.06_I0-0_DC_NUCF_4165.tiff,54.7823433333,11.8570450000,102.6000000000,0.02,-0.10,-0.01,-86.12
2018.01.06_I0-0_DC_NUCF_4172.tiff,54.7823500000,11.8571250000,102.2000000000,0.13,0.08,-0.18,-78.28
2018.01.06_I0-0_DC_NUCF_4176.tiff,54.7823700000,11.8572416667,101.5000000000,0.12,-0.01,-0.16,-71.63
2018.01.06_I0-0_DC_NUCF_4184.tiff,54.7823916667,11.8573183333,101.2000000000,0.04,0.15,0.10,-52.45
2018.01.06_I0-0_DC_NUCF_4191.tiff,54.7824333333,11.8573616667,101.0000000000,-0.15,0.07,0.12,-19.81
2018.01.06_I0-0_DC_NUCF_4199.tiff,54.7824800000,11.8573716667,101.3000000000,-0.15,0.02,0.05,-0.59
2018.01.06_I0-0_DC_NUCF_4201.tiff,54.7825383333,11.8573516667,101.2000000000,-0.08,-0.04,0.20,-343.97
2018.01.06_I0-0_DC_NUCF_4208.tiff,54.7825866667,11.8573200000,101.1000000000,0.09,-0.18,0.10,-336.24
2018.01.06_I0-0_DC_NUCF_4215.tiff,54.7826266667,11.8572833333,101.3000000000,-0.05,0.19,-0.11,-331.19
2018.01.06_I0-0_DC_NUCF_4222.tiff,54.7826683333,11.8572416667,101.4000000000,0.11,0.01,0.02,-327.79
2018.01.06_I0-0_DC_NUCF_4226.tiff,54.7827316667,11.8571633333,101.8000000000,-0.07,0.09,-0.15,-325.58
2018.01.06_I0-0_DC_NUCF_4233.tiff,54.7827716667,11.8571133333,102.1000000000,-0.05,-0.05,-0.10,-324.74
2018.01.06_I0-0_DC_NUCF_4240.tiff,54.7828150000,11.8570566667,102.3000000000,0.17,-0.01,0.17,-323.05
2018.01.06_I0-0_DC_NUCF_4247.tiff,54.7828533333,11.8570033333,102.5000000000,-0.06,-0.15,0.08,-322.4
2018.01.06_I0-0_DC_NUCF_4251.tiff,54.7829183333,11.8569133333,102.7000000000,0.17,-0.17,-0.04,-322.08
2018.01.06_I0-0_DC_NUCF_4257.tiff,54.7829533333,11.8568633333,102.8000000000,0.15,0.08,-0.04,-321.66
2018.01.06_I0-0_DC_NUCF_4263.tiff,54.7829883333,11.8568133333,102.9000000000,0.20,0.18,0.17,-320.61
2018.01.06_I0-0_DC_NUCF_4269.tiff,54.7830250000,11.8567633333,103.0000000000,-0.18,0.07,0.18,-321.55
2018.01.06_I0-0_DC_NUCF_4275.tiff,54.7830600000,11.8567116667,103.0000000000,-0.08,0.05,-0.02,-320.78
2018.01.06_I0-0_DC_NUCF_4276.tiff,54.7831000000,11.8566533333,103.0000000000,0.05,-0.15,0.08,-320.49
2018.01.06_I0-0_DC_NUCF_4282.tiff,54.7831366667,11.8566016667,103.2000000000,-0.17,-0.02,-0.05,-320.01
2018.01.06_I0-0_DC_NUCF_4288.tiff,54.7831716667,11.8565483333,103.3000000000,-0.09,0.10,-0.14,-320.15
2018.01.06_I0-0_DC_NUCF_4294.tiff,54.7832083333,11.8564966667,103.3000000000,0.09,0.08,-0.08,-320.43
2018.01.06_I0-0_DC_NUCF_4300.tiff,54.7832433333,11.8564433333,103.4000000000,-0.03,-0.04,-0.15,-319.93
2018.01.06_I0-0_DC_NUCF_4301.tiff,54.7832933333,11.8563733333,103.5000000000,-0.01,0.03,0.14,-320.19
2018.01.06_I0-0_DC_NUCF_4307.tiff,54.7833283333,11.8563200000,103.6000000000,0.00,0.07,0.18,-320.78
2018.01.06_I0-0_DC_NUCF_4313.tiff,54.7833666667,11.8562683333,103.7000000000,0.20,0.10,-0.19,-320.79
2018.01.06_I0-0_DC_NUCF_4319.tiff,54.7834033333,11.8562150000,103.7000000000,0.18,-0.03,0.05,-320.11
2018.01.06_I0-0_DC_NUCF_4325.tiff,54.7834400000,11.8561616667,103.8000000000,-0.10,0.17,0.16,-320.18
2018.01.06_I0-0_DC_NUCF_4326.tiff,54.7834916667,11.8560866667,103.7000000000,0.00,0.01,-0.15,-319.94
2018.01.06_I0-0_DC_NUCF_4332.tiff,54.7835283333,11.8560316667,103.6000000000,-0.19,0.15,0.10,-319.84
2018.01.06_I0-0_DC_NUCF_4338.tiff,54.7835666667,11.8559766667,103.6000000000,0.15,0.07,-0.05,-319.76
2018.01.06_I0-0_DC_NUCF_4344.tiff,54.7836033333,11.8559216667,103.6000000000,0.13,0.08,-0.18,-319.44
2018.01.06_I0-0_DC_NUCF_4350.tiff,54.7836400000,11.8558683333,103.6000000000,-0.16,-0.20,0.16,-319.93
2018.01.06_I0-0_DC_NUCF_4351.tiff,54.7836866667,11.8558000000,103.4000000000,-0.20,0.06,0.01,-320.19
2018.01.06_I0-0_DC_NUCF_4357.tiff,54.7837233333,11.8557450000,103.2000000000,0.06,-0.06,0.09,-319.5
2018.01.06_I0-0_DC_NUCF_4363.tiff,54.7837600000,11.8556900000,103.2000000000,-0.15,0.07,0.12,-319.73
2018.01.06_I0-0_DC_NUCF_4369.tiff,54.7837983333,11.8556333333,103.2000000000,0.09,-0.13,-0.06,-319.77
2018.01.06_I0-0_DC_NUCF_4375.tiff,54.7838366667,11.8555766667,103.2000000000,-0.06,0.09,0.09,-319.81
2018.01.06_I0-0_DC_NUCF_4376.tiff,54.7838833333,11.8555066667,103.3000000000,-0.06,-0.15,0.00,-320.7
2018.01.06_I0-0_DC_NUCF_4382.tiff,54.7839216667,11.8554516667,103.1000000000,-0.16,0.04,0.12,-320.86
2018.01.06_I0-0_DC_NUCF_4388.tiff,54.7839600000,11.8553950000,103.0000000000,0.10,-0.15,-0.14,-320.12
2018.01.06_I0-0_DC_NUCF_4394.tiff,54.7839966667,11.8553383333,103.0000000000,0.11,0.01,0.02,-318.31
2018.01.06_I0-0_DC_NUCF_4400.tiff,54.7840333333,11.8552816667,103.0000000000,0.11,-0.14,-0.05,-320.18
2018.01.06_I0-0_DC_NUCF_4401.tiff,54.7840800000,11.8552116667,102.9000000000,-0.20,0.14,0.20,-319.98
2018.01.06_I0-0_DC_NUCF_4407.tiff,54.7841183333,11.8551566667,102.8000000000,-0.04,0.10,0.15,-319.44
2018.01.06_I0-0_DC_NUCF_4413.tiff,54.7841550000,11.8551000000,102.8000000000,-0.18,-0.07,0.03,-320.07
2018.01.06_I0-0_DC_NUCF_4419.tiff,54.7841933333,11.8550433333,102.7000000000,-0.06,-0.15,0.08,-320.83
2018.01.06_I0-0_DC_NUCF_4425.tiff,54.7842316667,11.8549883333,102.7000000000,0.16,-0.05,0.01,-319.96
2018.01.06_I0-0_DC_NUCF_4426.tiff,54.7842850000,11.8549116667,102.6000000000,-0.12,-0.03,-0.06,-320.74
2018.01.06_I0-0_DC_NUCF_4431.tiff,54.7843200000,11.8548616667,102.6000000000,0.09,0.06,0.13,-319.81
2018.01.06_I0-0_DC_NUCF_4437.tiff,54.7843583333,11.8548050000,102.6000000000,0.14,-0.04,0.18,-320.17
2018.01.06_I0-0_DC_NUCF_4443.tiff,54.7843983333,11.8547500000,102.4000000000,-0.10,-0.20,0.03,-321.24
2018.01.06_I0-0_DC_NUCF_4449.tiff,54.7844366667,11.8546933333,102.3000000000,-0.04,0.00,-0.01,-319.89
2018.01.06_I0-0_DC_NUCF_4451.tiff,54.7844950000,11.8546083333,102.3000000000,0.06,-0.05,-0.19,-320.6
2018.01.06_I0-0_DC_NUCF_4457.tiff,54.7845350000,11.8545533333,102.2000000000,-0.17,-0.03,-0.01,-319.88
2018.01.06_I0-0_DC_NUCF_4463.tiff,54.7845733333,11.8544950000,102.1000000000,-0.15,-0.02,0.16,-320.56
2018.01.06_I0-0_DC_NUCF_4469.tiff,54.7846133333,11.8544400000,102.0000000000,0.11,-0.09,-0.05,-320.93
2018.01.06_I0-0_DC_NUCF_4475.tiff,54.7846516667,11.8543833333,101.7000000000,0.05,-0.15,-0.17,-319.58
2018.01.06_I0-0_DC_NUCF_4476.tiff,54.7846950000,11.8543183333,101.6000000000,0.04,0.01,0.06,-320.48
2018.01.06_I0-0_DC_NUCF_4482.tiff,54.7847350000,11.8542616667,101.5000000000,-0.03,0.08,0.10,-320.14
2018.01.06_I0-0_DC_NUCF_4487.tiff,54.7847700000,11.8542116667,101.7000000000,-0.11,-0.12,-0.01,-319.41
2018.01.06_I0-0_DC_NUCF_4493.tiff,54.7848100000,11.8541533333,101.8000000000,-0.14,0.02,-0.04,-321.13
2018.01.06_I0-0_DC_NUCF_4499.tiff,54.7848500000,11.8540966667,101.7000000000,-0.08,-0.19,-0.18,-320.2
2018.01.06_I0-0_DC_NUCF_4501.tiff,54.7849100000,11.8540116667,101.9000000000,0.18,-0.19,-0.13,-320.12
2018.01.06_I0-0_DC_NUCF_4507.tiff,54.7849500000,11.8539533333,101.8000000000,0.03,-0.18,-0.14,-320.08
2018.01.06_I0-0_DC_NUCF_4513.tiff,54.7849900000,11.8538966667,101.8000000000,0.17,-0.15,0.05,-321.26
2018.01.06_I0-0_DC_NUCF_4519.tiff,54.7850300000,11.8538383333,101.8000000000,0.06,0.00,-0.14,-320.13
2018.01.06_I0-0_DC_NUCF_4524.tiff,54.7850666667,11.8537866667,101.8000000000,-0.10,-0.10,-0.07,-319.91
2018.01.06_I0-0_DC_NUCF_4526.tiff,54.7851283333,11.8537000000,101.8000000000,0.08,0.00,0.02,-320.39
2018.01.06_I0-0_DC_NUCF_4532.tiff,54.7851700000,11.8536400000,101.8000000000,-0.06,0.19,0.18,-319.55
2018.01.06_I0-0_DC_NUCF_4538.tiff,54.7852100000,11.8535816667,101.9000000000,-0.10,0.09,0.02,-319.92
2018.01.06_I0-0_DC_NUCF_4544.tiff,54.7852533333,11.8535233333,102.0000000000,-0.20,0.16,0.13,-321.18
2018.01.06_I0-0_DC_NUCF_4550.tiff,54.7852950000,11.8534650000,102.0000000000,-0.18,-0.15,0.11,-320.59
2018.01.06_I0-0_DC_NUCF_4551.tiff,54.7853466667,11.8533916667,102.1000000000,0.12,0.03,0.17,-320.36
2018.01.06_I0-0_DC_NUCF_4556.tiff,54.7853816667,11.8533416667,102.1000000000,0.20,-0.06,-0.10,-321.05
2018.01.06_I0-0_DC_NUCF_4561.tiff,54.7854200000,11.8532900000,102.1000000000,0.17,-0.12,0.09,-320.48
2018.01.06_I0-0_DC_NUCF_4567.tiff,54.7854600000,11.8532316667,102.1000000000,0.07,-0.12,-0.06,-320.53
2018.01.06_I0-0_DC_NUCF_4573.tiff,54.7855016667,11.8531750000,102.0000000000,-0.20,0.14,0.20,-320.38
2018.01.06_I0-0_DC_NUCF_4576.tiff,54.7855616667,11.8530883333,101.9000000000,0.05,-0.07,0.15,-320.67
2018.01.06_I0-0_DC_NUCF_4582.tiff,54.7856033333,11.8530300000,101.8000000000,-0.05,-0.04,0.02,-319.98
2018.01.06_I0-0_DC_NUCF_4588.tiff,54.7856433333,11.8529700000,101.7000000000,0.19,0.10,0.00,-319.83
2018.01.06_I0-0_DC_NUCF_4594.tiff,54.7856833333,11.8529116667,101.6000000000,-0.10,-0.05,0.11,-320.21
2018.01.06_I0-0_DC_NUCF_4600.tiff,54.7857233333,11.8528533333,101.4000000000,-0.02,-0.08,0.02,-319.17
2018.01.06_I0-0_DC_NUCF_4601.tiff,54.7857733333,11.8527750000,101.3000000000,0.15,0.08,-0.04,-318.94
2018.01.06_I0-0_DC_NUCF_4606.tiff,54.7858083333,11.8527233333,101.0000000000,0.11,-0.20,0.00,-319.14
2018.01.06_I0-0_DC_NUCF_4611.tiff,54.7858433333,11.8526700000,100.9000000000,0.20,-0.16,-0.06,-318.07
2018.01.06_I0-0_DC_NUCF_4617.tiff,54.7858816667,11.8526116667,101.3000000000,-0.17,0.08,-0.16,-318.49
2018.01.06_I0-0_DC_NUCF_4623.tiff,54.7859166667,11.8525600000,101.5000000000,0.06,-0.05,-0.19,-319.56
2018.01.06_I0-0_DC_NUCF_4626.tiff,54.7859700000,11.8524816667,101.6000000000,-0.17,-0.02,-0.05,-319.18
2018.01.06_I0-0_DC_NUCF_4633.tiff,54.7860050000,11.8524283333,101.8000000000,-0.14,0.11,0.03,-319.74
2018.01.06_I0-0_DC_NUCF_4640.tiff,54.7860450000,11.8523700000,101.8000000000,0.15,-0.10,0.15,-320.59
2018.01.06_I0-0_DC_NUCF_4647.tiff,54.7860816667,11.8523200000,101.9000000000,0.05,-0.15,-0.17,-322.23
2018.01.06_I0-0_DC_NUCF_4651.tiff,54.7861516667,11.8522883333,102.1000000000,0.00,0.07,0.18,-2.57
2018.01.06_I0-0_DC_NUCF_4659.tiff,54.7862000000,11.8523033333,102.4000000000,-0.11,-0.12,-0.01,-16.89
2018.01.06_I0-0_DC_NUCF_4666.tiff,54.7862466667,11.8523400000,102.3000000000,-0.14,0.16,0.12,-27.24
2018.01.06_I0-0_DC_NUCF_4674.tiff,54.7862900000,11.8523833333,101.9000000000,0.04,0.05,0.12,-32.38
2018.01.06_I0-0_DC_NUCF_4676.tiff,54.7863350000,11.8524383333,101.8000000000,-0.19,0.15,0.10,-41.89
2018.01.06_I0-0_DC_NUCF_4684.tiff,54.7863566667,11.8525183333,101.8000000000,0.11,-0.12,-0.13,-80.71
2018.01.06_I0-0_DC_NUCF_4692.tiff,54.7863533333,11.8525983333,102.3000000000,0.12,-0.01,-0.16,-100.79
2018.01.06_I0-0_DC_NUCF_4699.tiff,54.7863383333,11.8526766667,102.8000000000,-0.08,0.00,-0.06,-113.66
2018.01.06_I0-0_DC_NUCF_4701.tiff,54.7863133333,11.8527683333,103.5000000000,0.06,-0.06,0.09,-120.39
2018.01.06_I0-0_DC_NUCF_4709.tiff,54.7862850000,11.8528466667,103.8000000000,0.20,-0.15,0.00,-125.49
2018.01.06_I0-0_DC_NUCF_4717.tiff,54.7862550000,11.8529133333,103.8000000000,-0.08,-0.04,0.20,-129.11
2018.01.06_I0-0_DC_NUCF_4724.tiff,54.7862266667,11.8529750000,103.7000000000,0.09,-0.18,0.10,-131.41
2018.01.06_I0-0_DC_NUCF_4726.tiff,54.7861816667,11.8530583333,103.7000000000,-0.16,0.04,0.12,-134.72
2018.01.06_I0-0_DC_NUCF_4733.tiff,54.7861500000,11.8531133333,103.6000000000,0.17,-0.12,0.09,-135.1
2018.01.06_I0-0_DC_NUCF_4740.tiff,54.7861166667,11.8531716667,103.6000000000,0.13,0.14,0.13,-135.64
2018.01.06_I0-0_DC_NUCF_4747.tiff,54.7860800000,11.8532333333,103.4000000000,-0.04,0.13,0.10,-137.11
2018.01.06_I0-0_DC_NUCF_4751.tiff,54.7860250000,11.8533216667,103.2000000000,-0.04,0.10,0.15,-138.2
2018.01.06_I0-0_DC_NUCF_4758.tiff,54.7859850000,11.8533833333,103.1000000000,-0.06,0.15,-0.07,-139.12
2018.01.06_I0-0_DC_NUCF_4765.tiff,54.7859466667,11.8534416667,103.1000000000,-0.03,0.00,0.10,-139.3
2018.01.06_I0-0_DC_NUCF_4771.tiff,54.7859133333,11.8534933333,103.0000000000,0.17,0.19,-0.01,-139.3
2018.01.06_I0-0_DC_NUCF_4776.tiff,54.7858483333,11.8535900000,102.9000000000,-0.11,0.05,0.16,-139.56
2018.01.06_I0-0_DC_NUCF_4783.tiff,54.7858100000,11.8536483333,102.9000000000,0.20,-0.16,-0.06,-139.81
2018.01.06_I0-0_DC_NUCF_4789.tiff,54.7857750000,11.8537016667,103.0000000000,-0.17,0.08,-0.16,-140.23
2018.01.06_I0-0_DC_NUCF_4795.tiff,54.7857400000,11.8537533333,103.1000000000,0.06,-0.05,-0.19,-138.86
2018.01.06_I0-0_DC_NUCF_4801.tiff,54.7856650000,11.8538633333,103.4000000000,-0.17,-0.03,-0.01,-140.26
2018.01.06_I0-0_DC_NUCF_4807.tiff,54.7856300000,11.8539166667,103.4000000000,-0.15,-0.02,0.16,-139.75
2018.01.06_I0-0_DC_NUCF_4813.tiff,54.7855933333,11.8539700000,103.5000000000,0.11,-0.09,-0.05,-139.33
2018.01.06_I0-0_DC_NUCF_4819.tiff,54.7855566667,11.8540233333,103.7000000000,0.05,-0.15,-0.17,-140.17
2018.01.06_I0-0_DC_NUCF_4825.tiff,54.7855200000,11.8540766667,103.9000000000,-0.08,-0.18,-0.02,-140.15
2018.01.06_I0-0_DC_NUCF_4826.tiff,54.7854716667,11.8541500000,104.1000000000,-0.03,0.08,0.10,-140.44
2018.01.06_I0-0_DC_NUCF_4832.tiff,54.7854350000,11.8542016667,104.2000000000,0.19,-0.07,0.16,-140.38
2018.01.06_I0-0_DC_NUCF_4838.tiff,54.7853983333,11.8542550000,104.2000000000,-0.14,0.16,0.12,-139.54
2018.01.06_I0-0_DC_NUCF_4844.tiff,54.7853616667,11.8543083333,104.3000000000,-0.20,0.14,-0.02,-140.47
2018.01.06_I0-0_DC_NUCF_4850.tiff,54.7853266667,11.8543616667,104.3000000000,0.03,0.14,-0.15,-139.56
2018.01.06_I0-0_DC_NUCF_4851.tiff,54.7852750000,11.8544366667,104.3000000000,0.03,-0.18,-0.14,-140.86
2018.01.06_I0-0_DC_NUCF_4857.tiff,54.7852383333,11.8544900000,104.3000000000,0.17,-0.15,0.05,-140.36
2018.01.06_I0-0_DC_NUCF_4863.tiff,54.7852016667,11.8545450000,104.4000000000,0.06,0.00,-0.14,-138.82
2018.01.06_I0-0_DC_NUCF_4869.tiff,54.7851650000,11.8545983333,104.4000000000,0.05,0.16,0.01,-140.4
2018.01.06_I0-0_DC_NUCF_4875.tiff,54.7851283333,11.8546516667,104.4000000000,0.06,-0.18,-0.19,-140.55
2018.01.06_I0-0_DC_NUCF_4876.tiff,54.7850850000,11.8547116667,104.5000000000,-0.06,0.19,0.18,-139.8
2018.01.06_I0-0_DC_NUCF_4882.tiff,54.7850483333,11.8547666667,104.6000000000,-0.10,0.09,0.02,-139.61
2018.01.06_I0-0_DC_NUCF_4888.tiff,54.7850116667,11.8548200000,104.6000000000,-0.20,0.16,0.13,-139.23
2018.01.06_I0-0_DC_NUCF_4894.tiff,54.7849750000,11.8548750000,104.6000000000,-0.18,-0.15,0.11,-139.47
2018.01.06_I0-0_DC_NUCF_4900.tiff,54.7849366667,11.8549300000,104.6000000000,0.20,-0.06,-0.10,-139.72
2018.01.06_I0-0_DC_NUCF_4901.tiff,54.7848850000,11.8550066667,104.6000000000,-0.12,-0.20,0.02,-139.94
2018.01.06_I0-0_DC_NUCF_4907.tiff,54.7848483333,11.8550616667,104.4000000000,0.02,0.12,-0.20,-139.93
2018.01.06_I0-0_DC_NUCF_4913.tiff,54.7848100000,11.8551166667,104.3000000000,-0.18,-0.04,-0.16,-140.85
2018.01.06_I0-0_DC_NUCF_4919.tiff,54.7847716667,11.8551700000,104.3000000000,-0.04,0.13,0.10,-140.64
2018.01.06_I0-0_DC_NUCF_4925.tiff,54.7847333333,11.8552250000,104.2000000000,0.01,0.00,0.05,-140.47
2018.01.06_I0-0_DC_NUCF_4926.tiff,54.7846800000,11.8553016667,104.3000000000,-0.05,-0.04,0.02,-139.7
2018.01.06_I0-0_DC_NUCF_4932.tiff,54.7846433333,11.8553566667,104.3000000000,0.19,0.10,0.00,-138.92
2018.01.06_I0-0_DC_NUCF_4938.tiff,54.7846050000,11.8554133333,104.3000000000,-0.10,-0.05,0.11,-139.83
2018.01.06_I0-0_DC_NUCF_4944.tiff,54.7845666667,11.8554700000,104.3000000000,-0.02,-0.08,0.02,-140.05
2018.01.06_I0-0_DC_NUCF_4950.tiff,54.7845266667,11.8555266667,104.2000000000,0.11,-0.20,0.00,-140.19
2018.01.06_I0-0_DC_NUCF_4951.tiff,54.7844783333,11.8555966667,104.3000000000,0.20,0.18,0.17,-139.31
2018.01.06_I0-0_DC_NUCF_4956.tiff,54.7844433333,11.8556466667,104.2000000000,0.14,0.12,-0.04,-139.51
2018.01.06_I0-0_DC_NUCF_4962.tiff,54.7844050000,11.8557033333,104.1000000000,-0.17,-0.04,0.01,-140.48
2018.01.06_I0-0_DC_NUCF_4967.tiff,54.7843700000,11.8557533333,104.1000000000,0.06,-0.05,-0.19,-140.48
2018.01.06_I0-0_DC_NUCF_4973.tiff,54.7843283333,11.8558116667,104.1000000000,-0.17,-0.03,-0.01,-140.78
2018.01.06_I0-0_DC_NUCF_4976.tiff,54.7842683333,11.8558966667,104.0000000000,-0.09,0.10,-0.14,-138.93
2018.01.06_I0-0_DC_NUCF_4982.tiff,54.7842283333,11.8559566667,103.7000000000,0.09,0.08,-0.08,-139.35
2018.01.06_I0-0_DC_NUCF_4988.tiff,54.7841883333,11.8560133333,103.5000000000,-0.03,-0.04,-0.15,-140.26
2018.01.06_I0-0_DC_NUCF_4994.tiff,54.7841483333,11.8560716667,103.0000000000,0.15,0.18,-0.08,-140.27
2018.01.06_I0-0_DC_NUCF_5000.tiff,54.7841083333,11.8561283333,103.4000000000,0.02,-0.02,-0.10,-140.49
2018.01.06_I0-0_DC_NUCF_5001.tiff,54.7840600000,11.8562016667,103.3000000000,0.20,0.10,-0.19,-139.93
2018.01.06_I0-0_DC_NUCF_5006.tiff,54.7840250000,11.8562533333,103.3000000000,0.10,-0.01,0.04,-140.45
2018.01.06_I0-0_DC_NUCF_5011.tiff,54.7839883333,11.8563050000,103.3000000000,0.11,0.16,-0.10,-139.89
2018.01.06_I0-0_DC_NUCF_5017.tiff,54.7839500000,11.8563633333,103.3000000000,0.18,-0.19,-0.13,-139.33
2018.01.06_I0-0_DC_NUCF_5023.tiff,54.7839100000,11.8564216667,103.3000000000,0.03,-0.18,-0.14,-140.05
2018.01.06_I0-0_DC_NUCF_5026.tiff,54.7838450000,11.8565166667,103.4000000000,0.15,0.07,-0.05,-139.94
2018.01.06_I0-0_DC_NUCF_5031.tiff,54.7838100000,11.8565683333,103.6000000000,0.08,-0.13,0.12,-139.78
2018.01.06_I0-0_DC_NUCF_5037.tiff,54.7837700000,11.8566266667,103.7000000000,0.04,0.10,0.20,-139.73
2018.01.06_I0-0_DC_NUCF_5043.tiff,54.7837300000,11.8566850000,103.8000000000,-0.08,0.00,-0.06,-139.15
2018.01.06_I0-0_DC_NUCF_5049.tiff,54.7836900000,11.8567450000,104.0000000000,0.10,-0.15,-0.04,-140.47
2018.01.06_I0-0_DC_NUCF_5051.tiff,54.7836283333,11.8568350000,104.2000000000,-0.15,0.07,0.12,-139.17
2018.01.06_I0-0_DC_NUCF_5057.tiff,54.7835883333,11.8568933333,104.2000000000,0.09,-0.13,-0.06,-139.42
2018.01.06_I0-0_DC_NUCF_5063.tiff,54.7835483333,11.8569533333,104.0000000000,-0.06,0.09,0.09,-139.51
2018.01.06_I0-0_DC_NUCF_5069.tiff,54.7835066667,11.8570116667,103.9000000000,-0.13,-0.18,0.20,-140.83
2018.01.06_I0-0_DC_NUCF_5075.tiff,54.7834650000,11.8570716667,103.9000000000,-0.05,0.19,-0.11,-139.77
2018.01.06_I0-0_DC_NUCF_5076.tiff,54.7834183333,11.8571366667,103.8000000000,0.10,-0.15,-0.14,-139.79
2018.01.06_I0-0_DC_NUCF_5081.tiff,54.7833833333,11.8571883333,103.6000000000,0.06,0.04,-0.08,-140.01
2018.01.06_I0-0_DC_NUCF_5087.tiff,54.7833416667,11.8572483333,103.6000000000,0.09,0.06,-0.08,-141.01
2018.01.06_I0-0_DC_NUCF_5093.tiff,54.7833000000,11.8573083333,103.6000000000,-0.05,-0.05,-0.10,-139.11
2018.01.06_I0-0_DC_NUCF_5099.tiff,54.7832600000,11.8573683333,103.5000000000,-0.03,-0.04,-0.09,-139.91
2018.01.06_I0-0_DC_NUCF_5101.tiff,54.7832000000,11.8574583333,103.5000000000,-0.18,-0.07,0.03,-139.81
2018.01.06_I0-0_DC_NUCF_5107.tiff,54.7831583333,11.8575183333,103.5000000000,-0.06,-0.15,0.08,-140.2
2018.01.06_I0-0_DC_NUCF_5113.tiff,54.7831183333,11.8575783333,103.5000000000,0.16,-0.05,0.01,-139.15
2018.01.06_I0-0_DC_NUCF_5118.tiff,54.7830833333,11.8576300000,103.4000000000,-0.03,0.04,0.09,-139.94
2018.01.06_I0-0_DC_NUCF_5125.tiff,54.7830416667,11.8576933333,103.4000000000,0.14,-0.04,0.18,-140.47
2018.01.06_I0-0_DC_NUCF_5126.tiff,54.7829933333,11.8577633333,103.5000000000,-0.17,0.09,-0.02,-140.68
2018.01.06_I0-0_DC_NUCF_5133.tiff,54.7829583333,11.8578116667,103.5000000000,-0.17,0.08,-0.16,-141.17
2018.01.06_I0-0_DC_NUCF_5141.tiff,54.7829216667,11.8578666667,103.7000000000,-0.06,-0.14,0.01,-140.08
2018.01.06_I0-0_DC_NUCF_5151.tiff,54.7828700000,11.8579400000,103.7000000000,-0.15,-0.02,0.16,-141.76
2018.01.06_I0-0_DC_NUCF_5171.tiff,54.7828350000,11.8579933333,104.3000000000,0.11,-0.03,-0.08,-135.49
2018.01.06_I0-0_DC_NUCF_5185.tiff,54.7828016667,11.8580483333,104.5000000000,-0.10,0.17,0.16,-135
2018.01.06_I0-0_DC_NUCF_5201.tiff,54.7827650000,11.8581100000,105.2000000000,0.17,-0.15,0.05,-138.53
2018.01.06_I0-0_DC_NUCF_5251.tiff,54.7827300000,11.8581650000,104.4000000000,0.02,0.12,-0.20,-156.74
2018.01.06_I0-0_DC_NUCF_5294.tiff,54.7827083333,11.8582350000,104.4000000000,0.11,-0.20,0.00,-130
2018.01.06_I0-0_DC_NUCF_5302.tiff,54.7826766667,11.8582933333,104.7000000000,0.10,0.08,-0.03,-133.77
2018.01.06_I0-0_DC_NUCF_5315.tiff,54.7826450000,11.8583483333,104.8000000000,-0.16,0.07,0.01,-136.07
2018.01.06_I0-0_DC_NUCF_5326.tiff,54.7826066667,11.8584116667,104.9000000000,0.09,0.08,-0.08,-132.24
2018.01.06_I0-0_DC_NUCF_5344.tiff,54.7825716667,11.8584700000,103.9000000000,0.02,-0.02,-0.10,-136.59
2018.01.06_I0-0_DC_NUCF_5353.tiff,54.7825400000,11.8585250000,102.7000000000,-0.14,0.02,-0.04,-134.68
2018.01.06_I0-0_DC_NUCF_5365.tiff,54.7825083333,11.8585800000,101.5000000000,-0.02,-0.20,0.19,-134.49
2018.01.06_I0-0_DC_NUCF_5376.tiff,54.7824533333,11.8586750000,99.9000000000,0.13,0.08,-0.18,-134.58
2018.01.06_I0-0_DC_NUCF_5385.tiff,54.7824233333,11.8587333333,99.0000000000,0.05,0.16,0.01,-130.07
2018.01.06_I0-0_DC_NUCF_5395.tiff,54.7823966667,11.8588000000,98.2000000000,-0.15,0.07,0.12,-117.84
2018.01.06_I0-0_DC_NUCF_5401.tiff,54.7823833333,11.8588916667,97.1000000000,0.09,-0.13,-0.06,-94.51
2018.01.06_I0-0_DC_NUCF_5411.tiff,54.7823850000,11.8589733333,96.0000000000,0.12,0.03,0.17,-84.89
2018.01.06_I0-0_DC_NUCF_5421.tiff,54.7823900000,11.8590566667,94.9000000000,0.17,-0.12,0.09,-84.6
2018.01.06_I0-0_DC_NUCF_5426.tiff,54.7823900000,11.8591650000,93.3000000000,0.11,0.01,0.02,-94.49
2018.01.06_I0-0_DC_NUCF_5435.tiff,54.7823833333,11.8592466667,92.2000000000,-0.04,0.13,0.10,-100.86
2018.01.06_I0-0_DC_NUCF_5444.tiff,54.7823700000,11.8593250000,91.2000000000,0.17,-0.01,0.17,-109.98
2018.01.06_I0-0_DC_NUCF_5451.tiff,54.7823316667,11.8594466667,89.2000000000,-0.06,-0.15,0.08,-125.72
2018.01.06_I0-0_DC_NUCF_5460.tiff,54.7823000000,11.8595116667,87.8000000000,-0.02,-0.08,0.02,-135.15
2018.01.06_I0-0_DC_NUCF_5469.tiff,54.7822583333,11.8595616667,86.5000000000,0.14,-0.04,0.18,-149.54
2018.01.06_I0-0_DC_NUCF_5476.tiff,54.7821900000,11.8596000000,84.8000000000,-0.12,-0.10,0.03,-174.09
2018.01.06_I0-0_DC_NUCF_5484.tiff,54.7821450000,11.8595950000,83.8000000000,-0.14,0.14,-0.18,-190.41
2018.01.06_I0-0_DC_NUCF_5493.tiff,54.7821016667,11.8595700000,82.6000000000,-0.14,0.11,0.03,-209.39
2018.01.06_I0-0_DC_NUCF_5501.tiff,54.7820633333,11.8594916667,80.7000000000,0.11,-0.09,-0.05,-249.79
2018.01.06_I0-0_DC_NUCF_5513.tiff,54.7820600000,11.8594083333,79.1000000000,-0.08,-0.18,-0.02,-275.28
2018.01.06_I0-0_DC_NUCF_5524.tiff,54.7820700000,11.8593216667,77.6000000000,-0.13,0.02,0.15,-286.47
2018.01.06_I0-0_DC_NUCF_5527.tiff,54.7820900000,11.8592466667,76.0000000000,0.11,0.16,-0.10,-301.91
